_id,ltable_id,rtable_id,ltable_model,ltable_combo,rtable_model,rtable_combo
47,a1016,w831,,msi gt75vr202 titan pro vr ready premium 17.3 inch gaming and business laptop (intel i7 quad core 64gb ram 1tb hdd + 128gb ssd 17.3 fhd (1920 x 1080) display nvidia geforce gtx 1080 win 10 home) michaelelectronics2 windows 10,hp-15-02332-fhd-me,hp pavilion 15t gaming and business power touch laptop ( intel i7 quad corenvidia geforce 1050 8gb ram 2tb hdd 15.6 inch full hd (1920 x 1080) touch win 10)-black with acid green michaelelectronics2 hp-15-02332-fhd-me microsoft windows
101,a1047,w1511,n850hp6,prostar clevo gaming laptop n850hp6 15.6” fhd ips (1920x1080) led matte type display intel core i7-7700hq 16gb ddr4 gtx 1060 120gb ssd 1tb hdd windows 10 home wi-fi+bluetooth 1-year warranty prostar n850hp6 windows 10,n855hj,prostar clevo n855hj 15.6” full hd ips (1920x1080) matte display gaming laptop intel core i7-7700hq 16gb ddr4 gtx 1050 120gb ssd 1tb hdd windows 10 home wi-fi+bluetooth 1-year warranty prostar n855hj microsoft windows 10
111,a1047,w1547,n850hp6,prostar clevo gaming laptop n850hp6 15.6” fhd ips (1920x1080) led matte type display intel core i7-7700hq 16gb ddr4 gtx 1060 120gb ssd 1tb hdd windows 10 home wi-fi+bluetooth 1-year warranty prostar n850hp6 windows 10,n850hk1,prostar clevo n850hk1 15.6” full hd ips (1920x1080) matte display gaming laptop intel core i7-7700hq 16gb ddr4 gtx 1050ti 256gb ssd 1tb hdd windows 10 home wi-fi+bluetooth 1-year warranty prostar n850hk1 microsoft?? windows 10 (64-bit)??
203,a1105,w3114,thinkpad p50,lenovo thinkpad p50 mobile workstation laptop - windows 10 pro - intel i7-6700hq 32gb ram 512gb ssd 15.6 fhd ips (1920x1080) display nvidia quadro m1000m fingerprint reader ac wi-fi lenovo thinkpad p50 windows 10 pro,len-15-01217-p71me8,lenovo thinkpad p51s 15.6'' premium mobile workstation ultrabook laptop (intel i7 processor 32gb ram 512gb ssd 15.6 inch fhd 1920x1080 ips display nvidia quadro m520m fingerprint win 10 pro) michaelelectronics2 len-15-01217-p71me8 microsoft windows
211,a1105,w3185,thinkpad p50,lenovo thinkpad p50 mobile workstation laptop - windows 10 pro - intel i7-6700hq 32gb ram 512gb ssd 15.6 fhd ips (1920x1080) display nvidia quadro m1000m fingerprint reader ac wi-fi lenovo thinkpad p50 windows 10 pro,,lenovo thinkpad t460s business performance windows 7 pro laptop - intel core i7-6600u 20gb ram 128gb ssd 14 ips fhd (1920x1080) matte display fingerprint reader backlit keyboard ac wifi lenovo windows 7
251,a1113,w3527,md231ll/a,apple macbook air md231ll/a 13.3-inch laptop (old version) apple md231ll/a mac os x v10.8 mountain lion,md231ll/a-refurb a,refurbished grade a apple macbook air 13.3 intel core i5 3427u processor 4gb memory 128gb ssd mac os x silver apple md231ll/a-refurb a mac os x 10.10.5
297,a1116,w3437,,hp envy x360 15z premium yoga style 2-in-1 convertible laptop (amd ryzen 5 quad core apu radeon vega 8 32gb ram 2tb hdd + 1tb ssd 15.6 fhd 1920x1080 touchscreen backlit keyboard win 10 pro) michaelelectronics2 windows 10,hp-13-02365-fhd-me8,hp spectre x360 13t premium convertible ultrabook laptop in dark ash silver (intel i7 processor 16gb ram 2tb ssd thunderbolt 3 13.3 fhd (1920x1080) touchscreen active stylus pen win 10 pro ) michaelelectronics2 hp-13-02365-fhd-me8 microsoft windows
347,a1124,w352,hp envy x360 2in1 i5,2017 hp envy x360 15.6 touchscreen 2-in-1 ips fhd (1920 x 1080) laptop pc | intel core i5-7200u | 12gb ddr4 ram | 1tb hdd | backlit keyboard | bluetooth | hdmi | b&o play | windows 10 hp hp envy x360 2in1 i5 windows 10,hp envy x360 -15t fhd touch laptop,hp envy x360 convertible 15t fhd touch 2-in-1 premium laptop / tablet (intel i7 processor 16gb ram 1tb hdd + 128gb ssd 15.6 inch fhd (1920 x 1080) touchscreen win 10 pro) michaelelectronics2 hp envy x360 -15t fhd touch laptop microsoft windows
360,a1135,w1064,t8tjg,hp envy 15t high performance laptop pc with uhd 4k touchscreen ( intel i7 processor 32 gb ram 1tb hdd + 512 gb ssd 15.6 inch uhd (3840 x 2160) touchscreen windows 10) hp t8tjg windows 10,hp envy 15t uhd 4k,newest hp envy 15t high performance laptop pc with uhd 4k touchscreen ( i7 processor 12 gb 1tb hdd + 128 gb ssd 15.6 inch uhd (3840 x 2160) touchscreen backlit keyboard bluetooth windows 10) hp hp envy 15t uhd 4k 
413,a1138,w3329,,lenovo thinkpad t470s windows 10 pro laptop - intel core i7-7600u 20gb ram 256gb pcie nvme ssd 14 ips wqhd (2560x1440) matte display fingerprint reader smart card reader black color lenovo windows 10 pro,,pcie lenovo thinkpad t460s business windows 8.1 pro laptop - intel core i7-6600u 20gb ram 256gb pcie-nvme ssd 14 ips wqhd (2560x1440) matte display fingerprint reader smart card reader lenovo windows 8
424,a1138,w3367,,lenovo thinkpad t470s windows 10 pro laptop - intel core i7-7600u 20gb ram 256gb pcie nvme ssd 14 ips wqhd (2560x1440) matte display fingerprint reader smart card reader black color lenovo windows 10 pro,,pcie lenovo thinkpad t460s business windows 8.1 pro laptop - intel core i7-6600u 12gb ram 512gb pcie-nvme ssd 14 ips wqhd (2560x1440) matte display fingerprint reader smart card reader lenovo windows 8
469,a1138,w548,,lenovo thinkpad t470s windows 10 pro laptop - intel core i7-7600u 20gb ram 256gb pcie nvme ssd 14 ips wqhd (2560x1440) matte display fingerprint reader smart card reader black color lenovo windows 10 pro,,lenovo thinkpad x1 yoga multimode ultrabook - windows 10 pro - intel i7-7600u 2tb ssd nvme-pcie 16gb ram 14 wqhd ips (2560x1440) touchscreen w/ pen input fingerprint reader thin & light - black lenovo windows 10
487,a1140,w786,hp envy 17t touch,hp envy 17t 17.3 full hd high performance touchscreen laptop pc (6th gen i7-6700hq quad-core processor 16gb ram 1tb hdddvd burner backlit keyboard windows 10) hp hp envy 17t touch windows 10,,newest hp envy 17t 17.3 full hd high performance touchscreen laptop pc (6th gen i7-6700hq quad-core processor 16gb ram 240gb ssddvd burner backlit keyboard windows 10) hp microsoft windows
619,a1203,w2322,dell,2018 fhd 1080p dell inspiron 15 5000 15.6 inch touchscreen flagship laptop computer (intel core i5-8250u up to 3.4ghz 16gb ram 256gb ssd intel hd graphics 620 dvd hd webcam windows 10) dell dell windows 10,dell,refurbished dell e7240 laptop computer 256gb solid state hard drive 16gb ram core i7 2.1ghz windows 10 home grade b dell dell windows 10
650,a1228,w1455,hp pavilion,2018 flagship hp pavilion 15.6 full hd ips wled-backlit business laptop intel dual-core i7-7500u up to 3.5ghz 16gb ddr4 256gb ssd backlit keyboard 802.11ac bluetooth webcam hdmi usb type-c win 10 hp hp pavilion windows 10 home 64-bit,hp pavilion 15t,2016 newest hp pavilion 15t gaming laptop with 15.6' fhd touchscreen ( intel i5 processor 16gb ram 240gb ssd 15.6 inch fhd (1920 x 1080) touchscreen windows 10) hp hp pavilion 15t microsoft windows
680,a1241,w3137,20en-p10,lenovo thinkpad p50 mobile workstation laptop - windows 10 pro - intel i7-6700hq 64gb ram 1tb ssd 15.6 fhd ips (1920x1080) display nvidia quadro m1000m fingerprint reader ac wi-fi lenovo 20en-p10 windows 10 pro,,lenovo thinkpad t460s business performance windows 10 pro laptop - intel core i7-6600u 8gb ram 512gb ssd 14 ips fhd (1920x1080) matte display fingerprint reader smart card reader ac wifi lenovo windows 10
710,a1241,w3384,20en-p10,lenovo thinkpad p50 mobile workstation laptop - windows 10 pro - intel i7-6700hq 64gb ram 1tb ssd 15.6 fhd ips (1920x1080) display nvidia quadro m1000m fingerprint reader ac wi-fi lenovo 20en-p10 windows 10 pro,,lenovo thinkpad t460s business performance windows 7 pro laptop - intel core i7-6600u 20gb ram 1tb ssd 14 ips fhd (1920x1080) matte display fingerprint reader smart card reader ac wifi lenovo windows 7
715,a1241,w3484,20en-p10,lenovo thinkpad p50 mobile workstation laptop - windows 10 pro - intel i7-6700hq 64gb ram 1tb ssd 15.6 fhd ips (1920x1080) display nvidia quadro m1000m fingerprint reader ac wi-fi lenovo 20en-p10 windows 10 pro,len-15-01217-p71me14,lenovo thinkpad p51s 15.6'' premium mobile workstation ultrabook laptop (intel i7 processor 32gb ram 4tb ssd 15.6 inch fhd 1920x1080 ips display nvidia quadro m520m fingerprint win 10 pro) michaelelectronics2 len-15-01217-p71me14 microsoft windows
762,a1249,w1590,p650hs-g,prostar clevo p650hs-g vr ready gaming laptop 15.6 120hz 5ms matte display w/ nvidia g-sync intel core i7-7700hq 32gb ddr4 gtx 1070 512gb ssd 1tb hdd wi-fi + bluetooth 1-year warranty prostar p650hs-g windows 10,p650hp6-g,prostar clevo p650hp6-g vr ready gaming 15.6 fhd/ips/matte display with g-sync intel core i7-7700hq 16gb ddr4 gtx 1060 256gb ssd 1tb hdd windows 10 home wi-fi+bluetooth 1-year warranty prostar p650hp6-g microsoft windows 10 (64-bit)
771,a1249,w1623,p650hs-g,prostar clevo p650hs-g vr ready gaming laptop 15.6 120hz 5ms matte display w/ nvidia g-sync intel core i7-7700hq 32gb ddr4 gtx 1070 512gb ssd 1tb hdd wi-fi + bluetooth 1-year warranty prostar p650hs-g windows 10,p650hp6-g,prostar clevo p650hp6-g vr ready gaming 15.6 fhd/ips/matte display with g-sync intel core i7-7700hq 32gb ddr4 gtx 1060 512gb nvme ssd 1tb hdd windows 10 home wi-fi+bluetooth 1-year warranty prostar p650hp6-g microsoft windows 10 (64-bit)
778,a1260,w685,t8tjg,toshiba satellite 2 in 1 convertible flagship 12.5-inch ips hd touchscreen ultrabook | intel core i5-3337u | 128gb ssd | 8gb ram | gps | nfc | wifi | backlit keyboard | windows 10 toshiba t8tjg windows 8,t8tjg,dell chromebook 11 3189 - 11.6 - celeron n3060 - 4 gb ram - 64 gb ssd dell t8tjg chrome os
782,a1261,w346,w0t00ut#aba,hp 13 inch m3-6y30 processor (0.9 ghz 4 mb cache) 4gb chromebook hp w0t00ut#aba chrome,w0s20ut#aba,hp elite x2 1012 g1 12 [in-plane switching [ips] technology brightview] 2 in 1 notebook - intel core m [6th gen] m3-6y30 dual-core [2 core] 900 mhz - hybrid - 4 gb lpddr3 ram - 128 gb (w0s20ut-aba) hp w0s20ut#aba windows 10
798,a1269,w3079,,lenovo thinkpad t470s windows 10 pro laptop - intel core i7-7600u 16gb ram 512gb ssd 14 ips wqhd (2560x1440) matte display fingerprint reader smart card reader black color lenovo windows 10 pro,2017,2017 lenovo thinkpad x1 carbon (5th gen) - windows 10 pro - intel core i7-7500u 180gb ssd 16gb ram 14 wqhd ips (2560x1440) display fingerprint reader (classic black) lenovo 2017 windows 10
897,a1287,w635,i5567-5734gry-pus,dell i5567-5734gry-pus 15.6 traditional laptop matte gray imr (non touch hd) dell i5567-5734gry-pus windows 10 home 64-bit english,i5579-7746gry-pus,dell - inspiron 15 5000 2-in-1 15.6-inch fhd intel core i7-8550u 8gb 2400mhz ddr4 256 gb (ssd) intel uhd graphics 620 dell i5579-7746gry-pus windows 10 home 64-bit english
898,a1287,w64,i5567-5734gry-pus,dell i5567-5734gry-pus 15.6 traditional laptop matte gray imr (non touch hd) dell i5567-5734gry-pus windows 10 home 64-bit english,i5579-7978gry-pus,dell inspiron 15.6 2-in-1 notebook i7-8550u 8gb memory 1tb hd backlit keyboar i5579-7978gry-pus dell i5579-7978gry-pus windows 10
902,a1292,w2638,80xb0002us,lenovo flex 5 15.6-inch 2-in-1 laptop (intel core i5 8 gb ram 256 gb ssd windows 10) 80xb0002us lenovo 80xb0002us windows 10 home,80x50002us,lenovo 320s-15ikb - 15.6 - core i7 7500u - 8 gb ram - 1 tb hdd lenovo 80x50002us windows 10
912,a13,w1370,i3567-5664blk-pus,dell inspiron 15.6 inch hd touchscreen flagship high performance laptop pc | intel core i5-7200u | 8gb ram | 2tb hdd | dvd +/-rw | bluetooth | wifi | windows 10 (black) dell i3567-5664blk-pus windows 10,i7567-5650blk-pus,dell - inspiron 15.6 laptop - intel core i5 - 8gb memory - nvidia geforce gtx 1050 ti - 256gb ssd i7567-5650blk-pus gaming notebook computer dell i7567-5650blk-pus microsoft windows
984,a1329,w1511,n870hp6,prostar clevo n870hp6 17.3” full hd ips matte display gaming laptop intel core i7-7700hq 32gb ddr4 gtx 1060 500gb ssd 1tb hdd windows 10 home wi-fi+bluetooth 1-year warranty prostar n870hp6 windows 10,n855hj,prostar clevo n855hj 15.6” full hd ips (1920x1080) matte display gaming laptop intel core i7-7700hq 16gb ddr4 gtx 1050 120gb ssd 1tb hdd windows 10 home wi-fi+bluetooth 1-year warranty prostar n855hj microsoft windows 10
995,a1329,w1548,n870hp6,prostar clevo n870hp6 17.3” full hd ips matte display gaming laptop intel core i7-7700hq 32gb ddr4 gtx 1060 500gb ssd 1tb hdd windows 10 home wi-fi+bluetooth 1-year warranty prostar n870hp6 windows 10,n850hk1,prostar clevo n850hk1 15.6” full hd ips (1920x1080) matte display gaming laptop intel core i7-7700hq 32gb ddr4 gtx 1050ti 1tb hdd windows 10 home wi-fi+bluetooth 1-year warranty prostar n850hk1 microsoft?? windows 10 (64-bit)??
1103,a1336,w1618,p950hr,prostar clevo p950hr 15.6 full hd ips matte display gaming laptop intel core i7-7700hq 32gb ddr4 gtx 1070 max-q 512gb nvme ssd 1tb hdd windows 10 wi-fi+bluetooth 1-year warranty prostar p950hr windows 10,p650hp6-g,prostar clevo p650hp6-g vr ready gaming 15.6 fhd/ips/matte display with g-sync intel core i7-7700hq 32gb ddr4 gtx 1060 512gb ssd 1tb hdd windows 10 home wi-fi+bluetooth 1-year warranty prostar p650hp6-g microsoft windows 10 (64-bit)
1188,a1347,w3200,,lenovo thinkpad t470s windows 10 pro laptop - intel core i7-7600u 20gb ram 512gb ssd 14 ips fhd (1920x1080) matte display fingerprint reader smart card reader silver color lenovo windows 10 pro,,lenovo thinkpad t460s touch performance windows 8.1 pro laptop - intel core i7-6600u 20gb ram 128gb ssd 14 ips fhd (1920x1080) matte touchscreen fingerprint reader smart card reader ac wifi lenovo windows 8
1205,a1347,w3243,,lenovo thinkpad t470s windows 10 pro laptop - intel core i7-7600u 20gb ram 512gb ssd 14 ips fhd (1920x1080) matte display fingerprint reader smart card reader silver color lenovo windows 10 pro,,pcie lenovo thinkpad t460s business windows 7 pro laptop - intel core i7-6600u 12gb ram 512gb pcie-nvme ssd 14 ips fhd (1920x1080) matte display fingerprint reader backlit keyboard lenovo windows 7
1238,a1347,w3300,,lenovo thinkpad t470s windows 10 pro laptop - intel core i7-7600u 20gb ram 512gb ssd 14 ips fhd (1920x1080) matte display fingerprint reader smart card reader silver color lenovo windows 10 pro,,lenovo thinkpad t460s touch performance windows 8.1 pro laptop - intel core i7-6600u 12gb ram 1tb ssd 14 ips fhd (1920x1080) matte touchscreen fingerprint reader smart card reader ac wifi lenovo windows 8
1241,a1347,w3305,,lenovo thinkpad t470s windows 10 pro laptop - intel core i7-7600u 20gb ram 512gb ssd 14 ips fhd (1920x1080) matte display fingerprint reader smart card reader silver color lenovo windows 10 pro,,lenovo thinkpad t460s business performance windows 10 pro laptop - intel core i7-6600u 12gb ram 1tb ssd 14 ips fhd (1920x1080) matte display fingerprint reader backlit keyboard ac wifi lenovo windows 10
1292,a1347,w3414,,lenovo thinkpad t470s windows 10 pro laptop - intel core i7-7600u 20gb ram 512gb ssd 14 ips fhd (1920x1080) matte display fingerprint reader smart card reader silver color lenovo windows 10 pro,,pcie lenovo thinkpad t460s business windows 8.1 pro laptop - intel core i7-6600u 20gb ram 1tb pcie-nvme ssd 14 ips fhd (1920x1080) matte display fingerprint reader backlit keyboard lenovo windows 8
1350,a1352,w3258,thinkpad p50,lenovo thinkpad p50 mobile workstation laptop - windows 7 pro - intel i7-6700hq 64gb ram 1tb ssd 15.6 fhd ips (1920x1080) display nvidia quadro m1000m fingerprint reader ac wi-fi lenovo thinkpad p50 windows 7 professional,,lenovo thinkpad t460s business performance windows 7 pro laptop - intel core i7-6600u 8gb ram 1tb ssd 14 ips fhd (1920x1080) matte display fingerprint reader smart card reader ac wifi lenovo windows 7
1373,a1356,w2984,,lenovo thinkpad x1 carbon 4 business ultrabook - windows 10 pro - intel core i7-6600u 1tb nvme-pcie ssd 16gb ram 14 wqhd ips (2560x1440) display fingerprint reader intel hd graphics 520 lenovo windows 10 pro,,lenovo thinkpad x1 carbon 4 business ultrabook - windows 7 pro - intel core i5-6200u 256gb nvme-pcie ssd 8gb ram 14 fhd ips (1920x1080) display fingerprint reader intel hd graphics 520 lenovo windows 7
1408,a1356,w3159,,lenovo thinkpad x1 carbon 4 business ultrabook - windows 10 pro - intel core i7-6600u 1tb nvme-pcie ssd 16gb ram 14 wqhd ips (2560x1440) display fingerprint reader intel hd graphics 520 lenovo windows 10 pro,,lenovo thinkpad t460s business performance windows 7 pro laptop - intel core i7-6600u 8gb ram 256gb ssd 14 ips wqhd (2560x1440) matte display fingerprint reader smart card reader ac wifi lenovo windows 7
1589,a1389,w838,i5567-0927gry,dell i5567-0927gry 15.6 laptop(intel core i3 (up to 2.40 ghz)8gb1tb hdd)intel hd graphics 620 fog gray dell i5567-0927gry windows 10,i5567-7291gry,dell inspiron 15.6 i7-7500u 16gb ram 1tb hdd touch laptop - i5567-7291gry + elite suite 17 standard software bundle (corel wordperfect pc moverpdf fusionx9) + 1 year extended warranty dell i5567-7291gry windows 10
1595,a1392,w614,nx.gl4aa.002;cb5-312t-k0yq,acer chromebook r 13 arm cortex-a72 2.0ghz 4gb lpddr3 64gb flash drive 13.3 fhd mt chrome os (nx.gl4aa.002;cb5-312t-k0yq) acer nx.gl4aa.002;cb5-312t-k0yq chrome,nx.gl4aa.003,acer cb5-312t-k40u 13.3 multitouch screen chromebook chrome os mediatek m8173c quad-core processor 4gb ram 64gb emmc acer nx.gl4aa.003 chrome
1638,a1402,w3019,v1h61ut#aba,hp v1h61ut#aba commercial specialty zbk3 15 i7 6500u 1t 8gb w7 10 laptop hp v1h61ut#aba windows 7 professional,v1p91ut#aba,hp inc. - sb notebooks v1p91ut#aba smart buy 1040 i5-6300u 2.4g hp v1p91ut#aba microsoft windows
1656,a1416,w2998,20jm000bus,lenovo thinkpad t470 business laptop - 20jm000bus (14” fhd ips intel core i7-6500u 2.50ghz 8gb ddr4 backlit keyboard fingerprint reader windows 7/10 pro 64) lenovo 20jm000bus windows 7 professional,20jy000bus,lenovo thinkpad p51s - 15.6 - core i7 6500u - 16 gb ram - 512 gb ssd lenovo 20jy000bus windows 7
1664,a1416,w454,20jm000bus,lenovo thinkpad t470 business laptop - 20jm000bus (14” fhd ips intel core i7-6500u 2.50ghz 8gb ddr4 backlit keyboard fingerprint reader windows 7/10 pro 64) lenovo 20jm000bus windows 7 professional,20jf000bus,lenovo thinkpad x1 yoga - 14 - core i5 7200u - 8 gb ram - 256 gb ssd lenovo 20jf000bus windows 10 pro (english)
1724,a1428,w3484,thinkpad p50,lenovo thinkpad p50 mobile workstation laptop - windows 7 pro - intel i7-6700hq 64gb ram 1tb ssd + 1tb hdd 15.6 fhd ips (1920x1080) display nvidia quadro m1000m fingerprint reader ac wi-fi lenovo thinkpad p50 windows 7 professional,len-15-01217-p71me14,lenovo thinkpad p51s 15.6'' premium mobile workstation ultrabook laptop (intel i7 processor 32gb ram 4tb ssd 15.6 inch fhd 1920x1080 ips display nvidia quadro m520m fingerprint win 10 pro) michaelelectronics2 len-15-01217-p71me14 microsoft windows
1766,a1439,w2283,nx.gnjaa.002,r751tn-c5p3 n3350 1.1g 4gb 32gb acer nx.gnjaa.002 unknown,nx.gr5aa.002,acer aspire 3 with intel cn3350 4gb 500gb hdd acer nx.gr5aa.002 windows 10
1803,a1455,w690,1ku85ua#aba,hp 14-bw065nr 14 amd dual-core e2-9000e 4gb ddr4 32gb emmc laptop computer hp 1ku85ua#aba unknown,1ku08ua#aba,hp 15-cc020nr 15.6 laptop touchscreen windows 10 intel core i7-7500u processor 12gb ram 1tb hard drive hp 1ku08ua#aba windows 10
1807,a1459,w292,20en001eus,lenovo thinkpad p50 20en001eus 15.6-inch laptop (2.70 ghz intel core i7-6820hq 16 gb ram 256 gb ssd nvidia quadro m2000m windows 7 pro) lenovo 20en001eus windows 7 professional,20ga001eus,lenovo thinkpad yoga 11e - 11.6 - celeron n3160 - 8 gb ram - 128 gb ssd lenovo 20ga001eus windows 10
1883,a1549,w2978,,lenovo thinkpad t470p 14 high performance laptop pc (intel i7 quad core nvidia geforce 940mx 14 inch fhd (1920x1080) ips display 32gb ram 512gb ssd fingerprint win 10 pro) michaelelectronics2 windows 10,len-15-01217-p71me3,lenovo thinkpad p51s 15.6'' premium mobile workstation ultrabook laptop (intel i7 processor 32gb ram 500gb hdd 15.6 inch fhd 1920x1080 ips display nvidia quadro m520m fingerprint win 10 pro) michaelelectronics2 len-15-01217-p71me3 microsoft windows
1911,a1550,w3070,,hp probook 450 g5 premium 15.6 inch fhd business laptop pc (intel 8th gen i7 quad core 32gb ram 1tb hdd + 128gb ssd 15.6 fhd 1920x1080 display webcam bluetooth usb-c tpm wifi win 10 pro) michaelelectronics2 windows 10,hp-14-02398-fhd-me5,hp elitebook 840 g4 14 fhd premium ultrabook business laptop pc (intel i7 processor 16gb ram 1tb hdd + 512gb ssd 14 full hd (1920x1080) fingerprint backlit keyboard wifi bt win 10 pro) michaelelectronics2 hp-14-02398-fhd-me5 microsoft windows
1920,a1550,w812,,hp probook 450 g5 premium 15.6 inch fhd business laptop pc (intel 8th gen i7 quad core 32gb ram 1tb hdd + 128gb ssd 15.6 fhd 1920x1080 display webcam bluetooth usb-c tpm wifi win 10 pro) michaelelectronics2 windows 10,hp-17-02401-fhd-me1,hp envy 17t premium 17.3 inch touch laptop (intel 8th gen i7 quad core 16gb ram 1tb hdd + 128gb ssd nvidia geforce mx150 17.3 fhd (1920 x 1080) touchscreen dvd win 10 home) michaelelectronics2 hp-17-02401-fhd-me1 microsoft windows
2015,a1594,w373,hp envy x360 -15t laptop dark ash silver,hp envy x360 15t 2-in-1 convertible laptop pc (amd 7th gen quad-core fx 9800p apu amd radeon r7 32gb ram 1tb hdd + 512gb ssd 15.6 inch fhd (1920 x 1080) touchscreen win10) dark ash silver hp hp envy x360 -15t laptop dark ash silver ,hp-15-02336-x360-fhd-me16,hp envy x360 15t 2-in-1 convertible laptop pc (amd 7th gen quad-core fx 9800p apu amd radeon r7 graphics 32gb ram 1tb hdd+128gb ssd 15.6inch fhd (1920x1080) touchscreen win10 pro) dark ash silver michaelelectronics2 hp-15-02336-x360-fhd-me16 microsoft windows
2045,a160,w478,hp 15.6 laptop,2018 hp 15.6 inch hd touchscreen premium laptop pc intel core i5 processor 8gb ram 2tb hdd + 128gb ssd hdmi bluetooth wifi windows 10 home hp hp 15.6 laptop windows 10 home 64,hp envy x360 -15t fhd touch laptop,hp envy x360 convertible 15t fhd touch 2-in-1 premium laptop / tablet (intel i7 processor 32gb ram 2tb hdd + 1tb ssd 15.6 inch fhd (1920 x 1080) touchscreen win 10 pro) michaelelectronics2 hp envy x360 -15t fhd touch laptop microsoft windows
2072,a1602,w1256,hp - 17z laptop,hp - 17z laptop 17.3 with hd+ touchscreen ( amd dual-core a6-9220 apu amd radeon r4 graphics 16gb ram 1tb hdd 17.3inch touch screen (1600x900) wi-fi bluetooth windows 10 home ) natural silver michaelelectronics2 hp - 17z laptop windows 10,hp-15-02344-hd-me7,hp laptop - 15z touchscreen 15.6-inch (amd dual-core a6-9220 apu amd radeon r4 graphics 16gb ram 240gb ssd 15.6 hd sva wled-backlit touch (1366 x 768) display windows 10 home) silk gold michaelelectronics2 hp-15-02344-hd-me7 microsoft windows
2074,a1602,w1262,hp - 17z laptop,hp - 17z laptop 17.3 with hd+ touchscreen ( amd dual-core a6-9220 apu amd radeon r4 graphics 16gb ram 1tb hdd 17.3inch touch screen (1600x900) wi-fi bluetooth windows 10 home ) natural silver michaelelectronics2 hp - 17z laptop windows 10,hp-17-02340-hdt-me8,hp - 17z laptop 17.3 with hd+ touchscreen ( amd dual-core a6-9220 apu amd radeon r4 graphics 16gb ram 1tb hdd 17.3inch touch screen (1600x900) wi-fi bluetooth windows 10 pro ) silk gold michaelelectronics2 hp-17-02340-hdt-me8 microsoft windows
2109,a1609,w685,t8tjg,2018 dell inspiron 13.3 2 in 1 fhd ips touchscreen business laptop/tablet intel quad-core i7-8550u 8gb ddr4 256gb ssd maxxaudio backlit keyboard 802.11ac bluetooth hdmi webcam win 10 t8tjg ,t8tjg,dell chromebook 11 3189 - 11.6 - celeron n3060 - 4 gb ram - 64 gb ssd dell t8tjg chrome os
2120,a1615,w2362,nx.ghjaa.007,acer chromebook 15 celeron n3060 15.6 hd 2gb lpddr3 16gb storage cb3-532-c3f7 acer nx.ghjaa.007 chrome os,nx.gkbaa.007,acer swift 3 sf314-51-71uu - 14 - core i7 7500u - 8 gb ram - 512 gb ssd - us international acer nx.gkbaa.007 windows 10
2190,a1674,w29,1kt05ua#aba,hp envy 13.3 traditional laptop (1kt05ua#aba) hp 1kt05ua#aba windows 10,1kt69ua#aba,hp 15-br077nr 15.6 laptop touchscreen 2-in-1 windows 10 intel core i5-7200u processor 8gb ram 256gb solid state drive hp 1kt69ua#aba windows 10
2196,a1684,w1727,v2w29ut#aba,hp business chromebook v2w29ut 11.6 cb 11g4ee n2840 2g 16g hp v2w29ut#aba chrome,v2w30ut#aba,hp chromebook 11 g4 - education edition - 11.6 - celeron n2840 - 4 gb ram - 16 gb ssd hp v2w30ut#aba chrome
2240,a1700,w1664,new hp omen 17,hp omen 17 17.3'' uhd 4k vr ready gaming and business laptop (intel i7 2tb hdd + 512gb ssd 17.3 inch uhd 3840 x 2160 32gb ram geforce gtx 1070 win 10 pro) hp new hp omen 17 ,,newest hp omen 17 17.3'' uhd 4k vr ready gaming and business laptop (intel i7 2tb hdd +128gb ssd 17.3 inch uhd 3840 x 2160 16gb ram geforce gtx 1070 win 10 pro) hp microsoft windows
2399,a1728,w3143,,lenovo thinkpad t470s windows 10 pro laptop - intel core i7-6600u 8gb ram 256gb ssd 14 ips fhd (1920x1080) matte display fingerprint reader black color lenovo windows 10 pro,,lenovo thinkpad t460s touch performance windows 8.1 pro laptop - intel core i7-6600u 8gb ram 512gb ssd 14 ips fhd (1920x1080) matte touchscreen fingerprint reader smart card reader ac wifi lenovo windows 8
2526,a1728,w3373,,lenovo thinkpad t470s windows 10 pro laptop - intel core i7-6600u 8gb ram 256gb ssd 14 ips fhd (1920x1080) matte display fingerprint reader black color lenovo windows 10 pro,,lenovo thinkpad t460s touch performance windows 8.1 pro laptop - intel core i7-6600u 20gb ram 1tb ssd 14 ips fhd (1920x1080) matte touchscreen fingerprint reader smart card reader ac wifi lenovo windows 8
2532,a1728,w3379,,lenovo thinkpad t470s windows 10 pro laptop - intel core i7-6600u 8gb ram 256gb ssd 14 ips fhd (1920x1080) matte display fingerprint reader black color lenovo windows 10 pro,,lenovo thinkpad t460s touch performance windows 10 pro laptop - intel core i7-6600u 20gb ram 1tb ssd 14 ips fhd (1920x1080) matte touchscreen fingerprint reader smart card reader ac wifi lenovo windows 10
2553,a1728,w3416,,lenovo thinkpad t470s windows 10 pro laptop - intel core i7-6600u 8gb ram 256gb ssd 14 ips fhd (1920x1080) matte display fingerprint reader black color lenovo windows 10 pro,,pcie lenovo thinkpad t460s business windows 10 pro laptop - intel core i7-6600u 20gb ram 1tb pcie-nvme ssd 14 ips fhd (1920x1080) matte display fingerprint reader backlit keyboard lenovo windows 10
2583,a1729,w161,,hp envy x360 15t convertible 2 in 1 laptop / tablet pc (intel 8th gen i7 quad core 20gb ram 1tb hdd nvidia geforce mx150 4gb 15.6 4k uhd (3840x2160) touchscreen win 10 pro) michaelelectronics2 windows 10,hp envy x360 -15t fhd touch laptop,hp envy x360 convertible 15t fhd touch 2-in-1 premium laptop / tablet (intel i7 processor 12gb ram 1tb hdd 15.6 inch fhd (1920 x 1080) touchscreen win 10) michaelelectronics2 hp envy x360 -15t fhd touch laptop microsoft windows
2701,a1753,w72,i5379-7923gry-pus,dell - inspiron 2-in-1 13.3 touch-screen laptop - intel core i7 - 8gb ram - 256gb ssd - gray dell usa i5379-7923gry-pus windows 10,i5379-7302gry-pus,dell inspiron 13 2-in-1 laptop: core i7-8550u 256gb ssd 8gb ram 13.3 full hd touch display dell i5379-7302gry-pus windows 10
2752,a1791,w234,,hp envy x360 15z premium yoga style 2-in-1 convertible laptop (amd ryzen 5 quad core apu radeon vega 8 16gb ram 512gb ssd 15.6 fhd 1920x1080 touchscreen backlit keyboard win 10 pro) michaelelectronics2 windows 10,hp-15-02336-x360-fhd-me20,hp envy x360 15t 2-in-1 convertible laptop pc (amd 7th gen quad-core fx 9800p apu amd radeon r7 graphics 32gb ram 2tb ssd 15.6 inch fhd (1920 x 1080) touchscreen win10 pro) dark ash silver michaelelectronics2 hp-15-02336-x360-fhd-me20 microsoft windows
2758,a1791,w306,,hp envy x360 15z premium yoga style 2-in-1 convertible laptop (amd ryzen 5 quad core apu radeon vega 8 16gb ram 512gb ssd 15.6 fhd 1920x1080 touchscreen backlit keyboard win 10 pro) michaelelectronics2 windows 10,hp-15-02403-amd-me7,hp pavilion x360 convertible premium 15.6 yoga style 2-in-1 laptop pc (intel i5 processor 8gb ram 512gb ssd + 128gb ssd 15.6 inch fhd 1920x1080 touch display amd radeon 530 stylus win 10 home) michaelelectronics2 hp-15-02403-amd-me7 microsoft windows
2793,a1791,w384,,hp envy x360 15z premium yoga style 2-in-1 convertible laptop (amd ryzen 5 quad core apu radeon vega 8 16gb ram 512gb ssd 15.6 fhd 1920x1080 touchscreen backlit keyboard win 10 pro) michaelelectronics2 windows 10,asu-14-07079-fhd-me5,asus zenbook flip ux461ua ultra-slim convertible 2-in-1 14” laptop (intel 8th gen i5 quad core 8gb ram 512gb ssd 14 full hd (1920x1080) touchscreen usb-c fingerprint stylus pen win 10 pro) michaelelectronics2 asu-14-07079-fhd-me5 microsoft windows
2856,a183,w3571,md101ll/a,apple macbook pro 13 (mid 2012) - core i5 2.5ghz 4gb ram 500gb hdd apple md101ll/a mac os x el capitan,md101lla,apple macbook pro 13.3 intel dual core i5 2.5ghz 4gb 500gb laptop - md101lla apple md101lla apple ios
2889,a1838,w2951,,lenovo thinkpad x1 carbon 4 business ultrabook - windows 10 pro - intel core i7-6600u 1tb ssd 16gb ram 14 fhd ips (1920x1080) display fingerprint reader ac wifi intel hd graphics 520 lenovo windows 10 pro,,lenovo thinkpad x1 carbon 4 business ultrabook - windows 7 pro - intel core i5-6200u 256gb ssd 8gb ram 14 fhd ips (1920x1080) display fingerprint reader intel hd graphics 520 lenovo windows 7
2896,a1838,w3029,,lenovo thinkpad x1 carbon 4 business ultrabook - windows 10 pro - intel core i7-6600u 1tb ssd 16gb ram 14 fhd ips (1920x1080) display fingerprint reader ac wifi intel hd graphics 520 lenovo windows 10 pro,,lenovo thinkpad x1 carbon 4 business ultrabook - windows 8.1 pro - intel core i7-6600u 512gb ssd 16gb ram 14 fhd ips (1920x1080) display fingerprint reader intel hd graphics 520 lenovo windows 8
2909,a1838,w3060,,lenovo thinkpad x1 carbon 4 business ultrabook - windows 10 pro - intel core i7-6600u 1tb ssd 16gb ram 14 fhd ips (1920x1080) display fingerprint reader ac wifi intel hd graphics 520 lenovo windows 10 pro,,lenovo thinkpad t460s business performance windows 8.1 pro laptop - intel core i7-6600u 8gb ram 128gb ssd 14 ips fhd (1920x1080) matte display fingerprint reader backlit keyboard ac wifi lenovo windows 8
2929,a1838,w3097,,lenovo thinkpad x1 carbon 4 business ultrabook - windows 10 pro - intel core i7-6600u 1tb ssd 16gb ram 14 fhd ips (1920x1080) display fingerprint reader ac wifi intel hd graphics 520 lenovo windows 10 pro,,lenovo thinkpad t460s business performance windows 8.1 pro laptop - intel core i7-6600u 12gb ram 128gb ssd 14 ips fhd (1920x1080) matte display fingerprint reader smart card reader ac wifi lenovo windows 8
2956,a1838,w3177,,lenovo thinkpad x1 carbon 4 business ultrabook - windows 10 pro - intel core i7-6600u 1tb ssd 16gb ram 14 fhd ips (1920x1080) display fingerprint reader ac wifi intel hd graphics 520 lenovo windows 10 pro,,lenovo thinkpad x1 carbon 4 business ultrabook - windows 10 pro - intel core i7-6600u 256gb ssd 16gb ram 14 wqhd ips (2560x1440) display fingerprint reader intel hd graphics 520 lenovo windows 10
2982,a1838,w3221,,lenovo thinkpad x1 carbon 4 business ultrabook - windows 10 pro - intel core i7-6600u 1tb ssd 16gb ram 14 fhd ips (1920x1080) display fingerprint reader ac wifi intel hd graphics 520 lenovo windows 10 pro,,lenovo thinkpad x1 carbon 4 business ultrabook - windows 8.1 pro - intel core i7-6600u 256gb nvme-pcie ssd 16gb ram 14 wqhd ips (2560x1440) display fingerprint reader intel hd graphics 520 lenovo windows 8
3044,a1838,w3406,,lenovo thinkpad x1 carbon 4 business ultrabook - windows 10 pro - intel core i7-6600u 1tb ssd 16gb ram 14 fhd ips (1920x1080) display fingerprint reader ac wifi intel hd graphics 520 lenovo windows 10 pro,,lenovo thinkpad t460s business performance windows 7 pro laptop - intel core i7-6600u 20gb ram 1tb ssd 14 ips wqhd (2560x1440) matte display fingerprint reader smart card reader ac wifi lenovo windows 7
3070,a186,w2456,,2018 newest premium high performance hp business probook laptop pc 15.6 fhd led-backlit dispay amd quad-core a10-9600p processor 16gb ddr4 ram 1tb hdd dvd-rw hdmi bluetooth webcam windows 10-silver hp windows 10,2017,2017 newest hp premium high performance 17.3 inch business laptop intel pentium n3710 quad-core processor 4gb memory 1tb hard drive hd webcam dvd hdmi webcam 802.11ac bluetooth window 10- turbo silver hp 2017 windows 10
3094,a1887,w1455,hp pavilion 15t power acid green nb,hp pavilion 15t gaming and business power laptop ( intel i7 quad core 32gb ram nvidia geforce 1050 2tb hdd + 512gb ssd 15.6 inch full hd (1920 x 1080) touch win 10 pro)-black with acid green hp hp pavilion 15t power acid green nb windows 10 pro,hp pavilion 15t,2016 newest hp pavilion 15t gaming laptop with 15.6' fhd touchscreen ( intel i5 processor 16gb ram 240gb ssd 15.6 inch fhd (1920 x 1080) touchscreen windows 10) hp hp pavilion 15t microsoft windows
3162,a1891,w3389,thinkpad p50,lenovo thinkpad p50 mobile workstation laptop - windows 10 pro - intel i7-6700hq 16gb ram 512gb ssd 15.6 fhd ips (1920x1080) display nvidia quadro m1000m fingerprint reader ac wi-fi lenovo thinkpad p50 windows 10 pro,,lenovo thinkpad t460s business performance windows 7 pro laptop - intel core i7-6600u 20gb ram 1tb ssd 14 ips fhd (1920x1080) matte display fingerprint reader backlit keyboard ac wifi lenovo windows 7
3200,a1919,w3083,,lenovo thinkpad t470s windows 10 pro laptop - intel core i7-7500u 16gb ram 512gb ssd 14 ips fhd (1920x1080) matte display fingerprint reader smart card reader black color lenovo windows 10 pro,,lenovo thinkpad t460s touch performance windows 8.1 pro laptop - intel core i7-6600u 12gb ram 256gb ssd 14 ips fhd (1920x1080) matte touchscreen fingerprint reader smart card reader ac wifi lenovo windows 8
3220,a1919,w3129,,lenovo thinkpad t470s windows 10 pro laptop - intel core i7-7500u 16gb ram 512gb ssd 14 ips fhd (1920x1080) matte display fingerprint reader smart card reader black color lenovo windows 10 pro,,pcie lenovo thinkpad t460s business windows 7 pro laptop - intel core i7-6600u 8gb ram 256gb pcie-nvme ssd 14 ips fhd (1920x1080) matte display fingerprint reader backlit keyboard lenovo windows 7
3259,a1919,w3202,,lenovo thinkpad t470s windows 10 pro laptop - intel core i7-7500u 16gb ram 512gb ssd 14 ips fhd (1920x1080) matte display fingerprint reader smart card reader black color lenovo windows 10 pro,,lenovo thinkpad t460s touch performance windows 10 pro laptop - intel core i7-6600u 12gb ram 512gb ssd 14 ips fhd (1920x1080) matte touchscreen fingerprint reader smart card reader ac wifi lenovo windows 10
3274,a1919,w3232,,lenovo thinkpad t470s windows 10 pro laptop - intel core i7-7500u 16gb ram 512gb ssd 14 ips fhd (1920x1080) matte display fingerprint reader smart card reader black color lenovo windows 10 pro,,lenovo thinkpad t460s business performance windows 10 pro laptop - intel core i7-6600u 12gb ram 256gb ssd 14 ips wqhd (2560x1440) matte display fingerprint reader smart card reader ac wifi lenovo windows 10
3324,a1919,w3315,,lenovo thinkpad t470s windows 10 pro laptop - intel core i7-7500u 16gb ram 512gb ssd 14 ips fhd (1920x1080) matte display fingerprint reader smart card reader black color lenovo windows 10 pro,,pcie lenovo thinkpad t460s business windows 7 pro laptop - intel core i7-6600u 20gb ram 512gb pcie-nvme ssd 14 ips fhd (1920x1080) matte display fingerprint reader backlit keyboard lenovo windows 7
3345,a1919,w3367,,lenovo thinkpad t470s windows 10 pro laptop - intel core i7-7500u 16gb ram 512gb ssd 14 ips fhd (1920x1080) matte display fingerprint reader smart card reader black color lenovo windows 10 pro,,pcie lenovo thinkpad t460s business windows 8.1 pro laptop - intel core i7-6600u 12gb ram 512gb pcie-nvme ssd 14 ips wqhd (2560x1440) matte display fingerprint reader smart card reader lenovo windows 8
3347,a1919,w3369,,lenovo thinkpad t470s windows 10 pro laptop - intel core i7-7500u 16gb ram 512gb ssd 14 ips fhd (1920x1080) matte display fingerprint reader smart card reader black color lenovo windows 10 pro,,pcie lenovo thinkpad t460s business windows 10 pro laptop - intel core i7-6600u 12gb ram 512gb pcie-nvme ssd 14 ips wqhd (2560x1440) matte display fingerprint reader smart card reader lenovo windows 10
3430,a1932,w2707,nx.shwaa.003;sf114-31-p5ww,acer nx.shwaa.003;sf114-31-p5ww 14 traditional laptop acer nx.shwaa.003;sf114-31-p5ww windows 10,nx.shwaa.003,refurbished acer 14 intel pentium 1.6 ghz 4gb ram 128gb flash windows 10 home|sf114-31-p5ww acer nx.shwaa.003 windows 10
3433,a1941,w208,i7359-1145slv,dell inspiron i7359-1145slv 13.3 inch 2-in-1 touchscreen laptop (6th generation intel core i3 4 gb ram 500 gb hdd) dell i7359-1145slv windows 10,i7359-8404slv,dell inspiron 13-7359 i7359-8404slv 2-in-1 notebook pc - intel (refurbished) dell i7359-8404slv windows 10 home 64-bit edition
3502,a1990,w1928,nx.gsuaa.001,acer aspire 5 a517-51-33q4 17.3 lcd notebook - intel core i3 (6th gen) i3-6006u dual-core (2 core) 2 ghz - 8 gb ddr4 sdram - 1 nx.gsuaa.001 unknown,nx.gukaa.001,acer chromebook 11 c732-c6wu 11.6 lcd chromebook - intel celeron n3350 dual-core [2 core] 1.10 ghz - 4 gb lpddr4 - 32 gb flash memory - chrome os - 1366 x 768 - comfyview - obsidian (nx-gukaa-001) acer nx.gukaa.001 chrome os
3511,a1990,w2291,nx.gsuaa.001,acer aspire 5 a517-51-33q4 17.3 lcd notebook - intel core i3 (6th gen) i3-6006u dual-core (2 core) 2 ghz - 8 gb ddr4 sdram - 1 nx.gsuaa.001 unknown,nx.gswaa.001,acer aspire a517-51 a517-51-568y 17.3 core i5 i5-8250u 8gb ddr4 1tb hdd - windows 10 home obsidian black notebook acer nx.gswaa.001 windows 10
3513,a1990,w2382,nx.gsuaa.001,acer aspire 5 a517-51-33q4 17.3 lcd notebook - intel core i3 (6th gen) i3-6006u dual-core (2 core) 2 ghz - 8 gb ddr4 sdram - 1 nx.gsuaa.001 unknown,nx.gntaa.001,acer aspire 3 notebook with intel celeron n3350 4gb 500gb hdd acer nx.gntaa.001 windows 10
3514,a1990,w2431,nx.gsuaa.001,acer aspire 5 a517-51-33q4 17.3 lcd notebook - intel core i3 (6th gen) i3-6006u dual-core (2 core) 2 ghz - 8 gb ddr4 sdram - 1 nx.gsuaa.001 unknown,nx.gjzaa.001,acer aspire f 15 f5-573-55w1 - 15.6 - core i5 7200u - 8 gb ram - 1 tb hdd - us international acer nx.gjzaa.001 windows 10
3624,a1995,w3275,,lenovo thinkpad t470s windows 7 pro laptop - intel core i5-6300u 20gb ram 512gb ssd 14 ips fhd (1920x1080) matte display fingerprint reader black color lenovo windows 7 professional,,lenovo thinkpad t460s business performance windows 7 pro laptop - intel core i7-6600u 20gb ram 512gb ssd 14 ips fhd (1920x1080) matte display fingerprint reader smart card reader ac wifi lenovo windows 7
3631,a1995,w3282,,lenovo thinkpad t470s windows 7 pro laptop - intel core i5-6300u 20gb ram 512gb ssd 14 ips fhd (1920x1080) matte display fingerprint reader black color lenovo windows 7 professional,,lenovo thinkpad t460s business performance windows 10 pro laptop - intel core i7-6600u 20gb ram 512gb ssd 14 ips fhd (1920x1080) matte display fingerprint reader backlit keyboard ac wifi lenovo windows 10
3666,a1995,w3387,,lenovo thinkpad t470s windows 7 pro laptop - intel core i5-6300u 20gb ram 512gb ssd 14 ips fhd (1920x1080) matte display fingerprint reader black color lenovo windows 7 professional,,pcie lenovo thinkpad t460s business windows 10 pro laptop - intel core i7-6600u 12gb ram 1tb pcie-nvme ssd 14 ips fhd (1920x1080) matte display fingerprint reader smart card reader lenovo windows 10
3672,a1995,w3411,,lenovo thinkpad t470s windows 7 pro laptop - intel core i5-6300u 20gb ram 512gb ssd 14 ips fhd (1920x1080) matte display fingerprint reader black color lenovo windows 7 professional,,pcie lenovo thinkpad t460s business windows 7 pro laptop - intel core i7-6600u 20gb ram 1tb pcie-nvme ssd 14 ips fhd (1920x1080) matte display fingerprint reader backlit keyboard lenovo windows 7
3734,a1997,w3090,,lenovo thinkpad t460s business performance windows 10 pro laptop - intel core i7-6600u 8gb ram 256gb ssd 14 ips fhd (1920x1080) matte display fingerprint reader backlit keyboard ac wifi lenovo windows 10 pro,,lenovo thinkpad t460s business performance windows 8.1 pro laptop - intel core i7-6600u 12gb ram 256gb ssd 14 ips fhd (1920x1080) matte display fingerprint reader smart card reader ac wifi lenovo windows 8
3758,a1997,w3141,,lenovo thinkpad t460s business performance windows 10 pro laptop - intel core i7-6600u 8gb ram 256gb ssd 14 ips fhd (1920x1080) matte display fingerprint reader backlit keyboard ac wifi lenovo windows 10 pro,,lenovo thinkpad t460s business performance windows 7 pro laptop - intel core i7-6600u 8gb ram 512gb ssd 14 ips fhd (1920x1080) matte display fingerprint reader backlit keyboard ac wifi lenovo windows 7
3878,a1997,w3321,,lenovo thinkpad t460s business performance windows 10 pro laptop - intel core i7-6600u 8gb ram 256gb ssd 14 ips fhd (1920x1080) matte display fingerprint reader backlit keyboard ac wifi lenovo windows 10 pro,,pcie lenovo thinkpad t460s business windows 10 pro laptop - intel core i7-6600u 20gb ram 512gb pcie-nvme ssd 14 ips fhd (1920x1080) matte display fingerprint reader backlit keyboard lenovo windows 10
3971,a1997,w3466,,lenovo thinkpad t460s business performance windows 10 pro laptop - intel core i7-6600u 8gb ram 256gb ssd 14 ips fhd (1920x1080) matte display fingerprint reader backlit keyboard ac wifi lenovo windows 10 pro,,pcie lenovo thinkpad t460s business windows 10 pro laptop - intel core i7-6600u 12gb ram 2tb pcie-nvme ssd 14 ips fhd (1920x1080) matte display fingerprint reader backlit keyboard lenovo windows 10
3999,a2011,w732,np940x5j-k02us,samsung ativ book 9 2014 edition 15.6-inch touchscreen laptop (intel core i7 mineral ash black) samsung np940x5j-k02us windows 8,np940x3l-k01us,samsung ativ book 9 spin 940x3l - flip design - core i7 6500u / 2.5 ghz - windows 10 home - 8 gb ram - 256 gb ssd - 13.3 touchscreen 3200 x 1800 (qhd+) - hd graphics 520 - wi-fi bluetooth - pure black samsung np940x3l-k01us microsoft windows windows 10
4012,a2014,w736,80ys0000us,lenovo notebook 80ys0000us ideapad n23 11.6 inch n3060 2gb 16gb chrome chrome op lenovo 80ys0000us unknown,80ys000cus,lenovo n23 chromebook - 11.6 - celeron n3060 - 4 gb ram - 16 gb ssd lenovo 80ys000cus chrome os
4207,a2081,w3423,thinkpad p51,lenovo thinkpad p51 mobile workstation laptop - windows 10 pro - intel quad-core i7-7700hq 16gb ram 512gb ssd 15.6 fhd ips 1920x1080 display nvidia quadro m1200m 4gb fingerprint reader lenovo thinkpad p51 windows 10 pro,len-15-01217-p71me12,lenovo thinkpad p51s 15.6'' premium mobile workstation ultrabook laptop (intel i7 processor 32gb ram 2tb ssd 15.6 inch fhd 1920x1080 ips display nvidia quadro m520m fingerprint win 10 pro) michaelelectronics2 len-15-01217-p71me12 microsoft windows
4264,a2104,w3029,,lenovo thinkpad x1 carbon 4 business ultrabook - windows 7 pro - intel core i5-6200u 512gb ssd 8gb ram 14 fhd ips (1920x1080) display fingerprint reader intel hd graphics 520 lenovo windows 7 pro,,lenovo thinkpad x1 carbon 4 business ultrabook - windows 8.1 pro - intel core i7-6600u 512gb ssd 16gb ram 14 fhd ips (1920x1080) display fingerprint reader intel hd graphics 520 lenovo windows 8
4298,a2104,w3224,,lenovo thinkpad x1 carbon 4 business ultrabook - windows 7 pro - intel core i5-6200u 512gb ssd 8gb ram 14 fhd ips (1920x1080) display fingerprint reader intel hd graphics 520 lenovo windows 7 pro,,lenovo thinkpad x1 carbon 4 business ultrabook - windows 10 pro - intel core i7-6600u 256gb nvme-pcie ssd 16gb ram 14 wqhd ips (2560x1440) display fingerprint reader intel hd graphics 520 lenovo windows 10
4326,a2115,w2599,thinkpad 11e,lenovo thinkpad 11e 11.6 ultraportable business notebook intel n2940 quad-core 128gb solid state drive 4gb ddr3 802.11ac bluetooth win10pro lenovo thinkpad 11e windows 10,thinkpad,refurbished lenovo thinkpad t430 i5 2.6ghz 8gb 240ssd dvd windows 10 pro 64 laptop cam lenovo thinkpad 
4341,a2117,w1630,hp pavilion,2018 flagship hp pavilion 15.6 fhd ips gaming business laptop intel quad-core i7-8550u 32gb ddr4 256gb ssd +1tb hdd 4gb nvidia geforce 940mx dvdrw backlit keyboard b&o play wlan usb type-c win 10 hp hp pavilion windows 10 home 64-bit,hp pavilion gaming 15t t9y85av,hp pavilion 15t gaming laptop with full hd touchscreen ( intel i7 quad core 32gb nvidia geforce 960m 2tb hdd + 1tb ssd 15.6 inch fhd (1920 x 1080) touchscreen windows 10) t9y85av hp hp pavilion gaming 15t t9y85av 
4390,a2142,w699,xps9350-2008slv,dell xps9350-2008slv 13.3 inch laptop (intel core i5 8 gb ram 128 gb ssd silver) microsoft signature image dell xps9350-2008slv windows 10,xps9350-5341slv,dell silver 13.3 xps 13 laptop pc with intel core i7-6560u processor 8gb memory touch screen 256gb solid state drive and windows 10 home dell xps9350-5341slv windows 10
4402,a2154,w2958,thinkpad p50,lenovo thinkpad p50 mobile workstation laptop - windows 10 pro - intel i7-6700hq 8gb ram 256gb ssd 15.6 fhd ips (1920x1080) display nvidia quadro m1000m fingerprint reader ac wi-fi lenovo thinkpad p50 windows 10 pro,len-15-01217-p71me5,lenovo thinkpad p51s 15.6'' premium mobile workstation ultrabook laptop (intel i7 processor 16gb ram 240gb ssd 15.6 inch fhd 1920x1080 ips display nvidia quadro m520m fingerprint win 10 pro) michaelelectronics2 len-15-01217-p71me5 microsoft windows
4447,a2154,w3333,thinkpad p50,lenovo thinkpad p50 mobile workstation laptop - windows 10 pro - intel i7-6700hq 8gb ram 256gb ssd 15.6 fhd ips (1920x1080) display nvidia quadro m1000m fingerprint reader ac wi-fi lenovo thinkpad p50 windows 10 pro,len-15-01217-p71me11,lenovo thinkpad p51s 15.6'' premium mobile workstation ultrabook laptop (intel i7 processor 16gb ram 2tb ssd 15.6 inch fhd 1920x1080 ips display nvidia quadro m520m fingerprint win 10 pro) michaelelectronics2 len-15-01217-p71me11 microsoft windows
4543,a2216,w1511,n855hj,prostar clevo gaming laptop n855hj 15.6 fhd (1920x1080) led matte type display intel core i7-7700hq 8gb ddr4 gtx 1050 120gb ssd windows 10 home wi-fi+bluetooth 1-year warranty prostar n855hj windows 10,n855hj,prostar clevo n855hj 15.6” full hd ips (1920x1080) matte display gaming laptop intel core i7-7700hq 16gb ddr4 gtx 1050 120gb ssd 1tb hdd windows 10 home wi-fi+bluetooth 1-year warranty prostar n855hj microsoft windows 10
4578,a2216,w1583,n855hj,prostar clevo gaming laptop n855hj 15.6 fhd (1920x1080) led matte type display intel core i7-7700hq 8gb ddr4 gtx 1050 120gb ssd windows 10 home wi-fi+bluetooth 1-year warranty prostar n855hj windows 10,n850hp6,prostar clevo gaming laptop n850hp6 15.6” fhd ips (1920x1080) led matte type display intel core i7-7700hq 16gb ddr4 gtx 1060 512gb nvme ssd 1tb hdd windows 10 wi-fi+bluetooth 1-year warranty prostar n850hp6 microsoft windows 10
4617,a2238,w714,,2018 hp 15.6 touchscreen laptop pc intel core i3-7100u 8gb ddr4 1tb hdd intel hd graphics 620 802.11ac bluetooth dvd rw usb 3.1 hdmi webcam windows 10 home jet black hp windows 10,,2018 newest premium hp 15.6? touchscreen hd laptop intel dual core i3-7100u processor 2.40ghz 8gb ddr4 ram 1tb hdd hdmi bluetooth webcam hd graphics 620 dvd-rw 8-hours battery win 10 hp windows 10
4641,a2252,w1392,p650hp6-g,prostar clevo p650hp6-g vr ready gaming 15.6 fhd 120hz 5ms matte display with g-sync intel core i7-7700hq 16gb ddr4 gtx 1060 256gb nvme ssd 1tb hdd windows 10 wi-fi+bluetooth 1-year warranty prostar p650hp6-g windows 10,n850hk1,prostar clevo n850hk1 15.6” full hd ips (1920x1080) matte display gaming laptop intel core i7-7700hq 8gb ddr4 gtx 1050ti 1tb hdd windows 10 home wi-fi+bluetooth 1-year warranty prostar n850hk1 microsoft?? windows 10 (64-bit)??
4727,a2261,w154,,msi ge63vr075 raider-075 vr ready premium 15.6 inch gaming and business laptop (intel i7 quad core 16gb ram 1tb hdd + 128gb ssd 15.6 fhd (1920x1080) display nvidia geforce gtx 1070 win 10 home) michaelelectronics2 windows 10,hp-15-02403-amd-me6,hp pavilion x360 convertible premium 15.6 yoga style 2-in-1 laptop pc (intel i5 processor 8gb ram 240gb ssd + 128gb ssd 15.6 inch fhd 1920x1080 touch display amd radeon 530 stylus win 10 home) michaelelectronics2 hp-15-02403-amd-me6 microsoft windows
4744,a2272,w2004,i3162-0000blu,dell inspiron 11.6 laptop intel celeron 2gb ram 32gb emmc flash memory bali blue i3162-0000blu dell i3162-0000blu windows 10,i3162-0003blu,dell - inspiron 11.6 laptop - intel celeron - 4gb memory - 32gb emmc flash memory - bali blue dell i3162-0003blu windows 10
4760,a2289,w2948,thinkpad p51,lenovo thinkpad p51 mobile workstation laptop - windows 10 pro - intel quad-core i7-7700hq 32gb ram 256gb ssd 15.6 fhd ips 1920x1080 display nvidia quadro m1200m 4gb fingerprint reader lenovo thinkpad p51 windows 10 pro,len-15-01217-p71me4,lenovo thinkpad p51s 15.6'' premium mobile workstation ultrabook laptop (intel i7 processor 8gb ram 240gb ssd 15.6 inch fhd 1920x1080 ips display nvidia quadro m520m fingerprint win 10 pro) michaelelectronics2 len-15-01217-p71me4 microsoft windows
4764,a2289,w3025,thinkpad p51,lenovo thinkpad p51 mobile workstation laptop - windows 10 pro - intel quad-core i7-7700hq 32gb ram 256gb ssd 15.6 fhd ips 1920x1080 display nvidia quadro m1200m 4gb fingerprint reader lenovo thinkpad p51 windows 10 pro,len-15-01217-p71me6,lenovo thinkpad p51s 15.6'' premium mobile workstation ultrabook laptop (intel i7 processor 32gb ram 240gb ssd 15.6 inch fhd 1920x1080 ips display nvidia quadro m520m fingerprint win 10 pro) michaelelectronics2 len-15-01217-p71me6 microsoft windows
4778,a2291,w2963,,asus p2540ua-xs71 15.6 inch fhd high performance business laptop pc (intel i7 processor 16gb ram 512gb ssd 15.6 inch full hd (1920 x 1080) fingerprint tpm win 10 pro ) michaelelectronics2 windows 10,hp-14-02398-fhd-me1,hp elitebook 840 g4 14 fhd premium ultrabook business laptop pc (intel i7 processor 8gb ram 500gb hdd + 128gb ssd 14 full hd (1920x1080) fingerprint backlit keyboard wifi bt win 10 pro) michaelelectronics2 hp-14-02398-fhd-me1 microsoft windows
4824,a2294,w1560,n850hk1,prostar clevo n850hk1 15.6” full hd ips (1920x1080) matte display gaming laptop intel core i7-7700hq 16gb ddr4 gtx 1050ti 120gb ssd 1tb hdd windows 10 home wi-fi+bluetooth 1-year warranty prostar n850hk1 windows 10,n855hj,prostar clevo gaming laptop n855hj 15.6” full hd (1920x1080) matte type display intel core i7-7700hq 16gb ddr4 gtx 1050 512gb nvme ssd 1tb hdd windows 10 home wi-fi+bluetooth 1-year warranty prostar n855hj microsoft?? windows 10 (64-bit)??
4853,a2294,w1618,n850hk1,prostar clevo n850hk1 15.6” full hd ips (1920x1080) matte display gaming laptop intel core i7-7700hq 16gb ddr4 gtx 1050ti 120gb ssd 1tb hdd windows 10 home wi-fi+bluetooth 1-year warranty prostar n850hk1 windows 10,p650hp6-g,prostar clevo p650hp6-g vr ready gaming 15.6 fhd/ips/matte display with g-sync intel core i7-7700hq 32gb ddr4 gtx 1060 512gb ssd 1tb hdd windows 10 home wi-fi+bluetooth 1-year warranty prostar p650hp6-g microsoft windows 10 (64-bit)
4854,a2294,w1623,n850hk1,prostar clevo n850hk1 15.6” full hd ips (1920x1080) matte display gaming laptop intel core i7-7700hq 16gb ddr4 gtx 1050ti 120gb ssd 1tb hdd windows 10 home wi-fi+bluetooth 1-year warranty prostar n850hk1 windows 10,p650hp6-g,prostar clevo p650hp6-g vr ready gaming 15.6 fhd/ips/matte display with g-sync intel core i7-7700hq 32gb ddr4 gtx 1060 512gb nvme ssd 1tb hdd windows 10 home wi-fi+bluetooth 1-year warranty prostar p650hp6-g microsoft windows 10 (64-bit)
4887,a2355,w36,i5368-6452gry,dell i5368-6452gry 13.3 fhd 2-in-1 laptop (intel core i5-6200u 2.3ghz processor 8 gb ram 1 tb hdd windows 10) gray dell i5368-6452gry windows 10,i5368-1692gry,refurbished dell i5368-1692gry 13.3 fhd 2-in-1 laptop (intel core i3-6100u 2.3ghz processor 4 gb ram 1 tb hdd windows 10) gray dell i5368-1692gry 
4928,a2361,w1560,p950hp6,prostar clevo p950hp6 15.6 full hd ips matte display gaming laptop intel core i7-7700hq 32gb ddr4 gtx 1060 500gb ssd 1tb hdd windows 10 home wi-fi+bluetooth 1-year warranty prostar p950hp6 windows 10,n855hj,prostar clevo gaming laptop n855hj 15.6” full hd (1920x1080) matte type display intel core i7-7700hq 16gb ddr4 gtx 1050 512gb nvme ssd 1tb hdd windows 10 home wi-fi+bluetooth 1-year warranty prostar n855hj microsoft?? windows 10 (64-bit)??
5046,a2387,w3482,thinkpad p51,lenovo thinkpad p51 mobile workstation - windows 10 pro - intel quad-core i7-7700hq 64gb ram 1tb ssd + 1tb hdd 15.6 fhd ips 1920x1080 display nvidia quadro m1200m 4gb fingerprint reader lenovo thinkpad p51 windows 10 pro,len-15-01217-p71me13,lenovo thinkpad p51s 15.6'' premium mobile workstation ultrabook laptop (intel i7 processor 16gb ram 4tb ssd 15.6 inch fhd 1920x1080 ips display nvidia quadro m520m fingerprint win 10 pro) michaelelectronics2 len-15-01217-p71me13 microsoft windows
5088,a2398,w1324,,hp laptop - 15z touchscreen 15.6-inch (amd dual-core a6-9220 apu amd radeon r4 graphics 16gb ram 1tb hdd 15.6 hd sva wled-backlit touch (1366 x 768) display windows 10 home) silk gold michaelelectronics2 windows 10,hp-17-02340-hdt-me6,hp - 17z laptop 17.3 with hd+ touchscreen ( amd dual-core a6-9220 apu amd radeon r4 graphics 16gb ram 512gb ssd 17.3inch touch screen (1600x900) wi-fi bluetooth windows 10 home) silk gold michaelelectronics2 hp-17-02340-hdt-me6 microsoft windows
5104,a2400,w1752,1fx54ut#aba,hp elitebook 745 g4 14 notebook windows amd a8 1.6 ghz 4 gb ram 500 gb hdd amd radeon r5 silver (1fx54ut#aba) hp 1fx54ut#aba windows 10 pro 64-bit edition,1fx82ut#aba,hp chromebook 11 g5 - education edition - 11.6 - celeron n3060 - 4 gb ram - 16 gb ssd - us hp 1fx82ut#aba chrome
5147,a2418,w3282,thinkpad p50,lenovo thinkpad p50 mobile workstation laptop - windows 7 pro - intel i7-6700hq 64gb ram 2tb ssd 15.6 fhd ips (1920x1080) display nvidia quadro m1000m fingerprint reader ac wi-fi lenovo thinkpad p50 windows 7 professional,,lenovo thinkpad t460s business performance windows 10 pro laptop - intel core i7-6600u 20gb ram 512gb ssd 14 ips fhd (1920x1080) matte display fingerprint reader backlit keyboard ac wifi lenovo windows 10
5263,a2426,w3282,20fcs5f100,lenovo thinkpad x1 carbon 4 business ultrabook 20fc - intel core i5-6300u 256gb ssd 8gb ram 14 fhd ips (1920x1080) display fingerprint reader ac wifiwindows 7 professional /win 10 pro lenovo 20fcs5f100 windows 10,,lenovo thinkpad t460s business performance windows 10 pro laptop - intel core i7-6600u 20gb ram 512gb ssd 14 ips fhd (1920x1080) matte display fingerprint reader backlit keyboard ac wifi lenovo windows 10
5311,a2438,w1936,cb5-312t-k40,acer r13 cb5-312t-k40u with touch 13.3 chromebook - sparkly silver; mediatek m8173c quad core processor 2.1ghz; google chrome os; 4gb ram; 64gb emmc imagination powervr gx6250 graphics acer cb5-312t-k40 chrome os,cb5-312t-k6tf,acer cb5-312t-k6tf 13.3 touchscreen lcd chromebook - mediatek (refurbished) acer cb5-312t-k6tf 
5405,a2439,w3216,,lenovo thinkpad t470s windows 10 pro laptop - intel core i7-7600u 12gb ram 512gb ssd 14 ips fhd (1920x1080) matte display fingerprint reader smart card reader black color lenovo windows 10 pro,,lenovo thinkpad t460s touch performance windows 8.1 pro laptop - intel core i7-6600u 20gb ram 256gb ssd 14 ips fhd (1920x1080) matte touchscreen fingerprint reader smart card reader ac wifi lenovo windows 8
5423,a2439,w3255,,lenovo thinkpad t470s windows 10 pro laptop - intel core i7-7600u 12gb ram 512gb ssd 14 ips fhd (1920x1080) matte display fingerprint reader smart card reader black color lenovo windows 10 pro,,pcie lenovo thinkpad t460s business windows 10 pro laptop - intel core i7-6600u 20gb ram 256gb pcie-nvme ssd 14 ips fhd (1920x1080) matte display fingerprint reader smart card reader lenovo windows 10
5504,a2439,w3415,,lenovo thinkpad t470s windows 10 pro laptop - intel core i7-7600u 12gb ram 512gb ssd 14 ips fhd (1920x1080) matte display fingerprint reader smart card reader black color lenovo windows 10 pro,,pcie lenovo thinkpad t460s business windows 7 pro laptop - intel core i7-6600u 20gb ram 1tb pcie-nvme ssd 14 ips fhd (1920x1080) matte display fingerprint reader smart card reader lenovo windows 7
5523,a2439,w3471,,lenovo thinkpad t470s windows 10 pro laptop - intel core i7-7600u 12gb ram 512gb ssd 14 ips fhd (1920x1080) matte display fingerprint reader smart card reader black color lenovo windows 10 pro,,pcie touch lenovo thinkpad t460s windows 8.1 pro laptop - intel core i7-6600u 20gb ram 2tb pcie-nvme ssd 14 ips fhd (1920x1080) matte touchscreen fingerprint reader smart card reader lenovo windows 8
5527,a2439,w3478,,lenovo thinkpad t470s windows 10 pro laptop - intel core i7-7600u 12gb ram 512gb ssd 14 ips fhd (1920x1080) matte display fingerprint reader smart card reader black color lenovo windows 10 pro,,pcie lenovo thinkpad t460s business windows 10 pro laptop - intel core i7-6600u 20gb ram 2tb pcie-nvme ssd 14 ips fhd (1920x1080) matte display fingerprint reader smart card reader lenovo windows 10
5552,a2462,w761,nx.g1kaa.006,acer aspire v3-574 15.6-inch laptop | i7-5500u | 8gb memory | 1tb hdd | windows 10 home acer nx.g1kaa.006 windows 10 home,nx.gp7aa.006,acer aspire r5-571tg r5-571tg-51a3 15.6 core i5 (7th gen) i5-7200u 8gb ddr4 1tb hdd - 128gb ssd - windows 10 home 1920 x 1080 - in-plane switching (ips) technology - steel gray notebook acer nx.gp7aa.006 windows 10
5588,a2490,w344,hp envy x360 -15t laptop dark ash silver,hp envy x360 15t 2-in-1 convertible laptop pc (amd 7th gen quad-core fx 9800p apu amd radeon r7 graphics 16gb ram 512gb ssd 15.6 inch fhd (1920 x 1080) touchscreen win10) dark ash silver hp hp envy x360 -15t laptop dark ash silver ,hp-15-02336-x360-fhd-me7,hp envy x360 15t 2-in-1 convertible laptop pc (amd 7th gen quad-core fx 9800p apu amd radeon r7 graphics 16gb ram 512gb ssd 15.6 inch fhd (1920 x 1080) touchscreen win10) dark ash silver michaelelectronics2 hp-15-02336-x360-fhd-me7 microsoft windows
5600,a2490,w422,hp envy x360 -15t laptop dark ash silver,hp envy x360 15t 2-in-1 convertible laptop pc (amd 7th gen quad-core fx 9800p apu amd radeon r7 graphics 16gb ram 512gb ssd 15.6 inch fhd (1920 x 1080) touchscreen win10) dark ash silver hp hp envy x360 -15t laptop dark ash silver ,hp envy x360 -15t fhd touch laptop,hp envy x360 convertible 15t fhd touch 2-in-1 premium laptop / tablet (intel i7 processor 32gb ram 1tb hdd + 512gb ssd 15.6 inch fhd (1920 x 1080) touchscreen win 10) michaelelectronics2 hp envy x360 -15t fhd touch laptop microsoft windows
5615,a25,w600,i5379-5043gry-pus,dell inspiron 13 5000 2-in-1 - 13.3 touch display - 8th gen intel core i5-8250u - 8gb memory - 1 tb hard drive - theoretical gray (i5379-5043gry-pus) dell i5379-5043gry-pus windows 10,i5565-a000gry-pus,dell inspiron 15 5000 series (5565) with 7th gen amd a12-9700p quad-core processor 12gb memory 1tb hard drive 15.6-inch fhd (1920 x 1080) truelife led-backlit touch display windows 10 home dell i5565-a000gry-pus windows 10 home 64bit english
5616,a25,w635,i5379-5043gry-pus,dell inspiron 13 5000 2-in-1 - 13.3 touch display - 8th gen intel core i5-8250u - 8gb memory - 1 tb hard drive - theoretical gray (i5379-5043gry-pus) dell i5379-5043gry-pus windows 10,i5579-7746gry-pus,dell - inspiron 15 5000 2-in-1 15.6-inch fhd intel core i7-8550u 8gb 2400mhz ddr4 256 gb (ssd) intel uhd graphics 620 dell i5579-7746gry-pus windows 10 home 64-bit english
5633,a2500,w206,nx.gqlaa.001,sf314-52-52sy i5-8250u 1.6g 8gb acer nx.gqlaa.001 unknown,nx.gtqaa.001,acer spin sp515-51gn sp515-51gn-807g 15.6 - intel core i7 i7-8550u 8gb ddr4 1tb hdd - windows 10 home 1920 x 1080 - ips convertible 2 in 1 notebook acer nx.gtqaa.001 windows 10
5652,a2500,w895,nx.gqlaa.001,sf314-52-52sy i5-8250u 1.6g 8gb acer nx.gqlaa.001 unknown,nx.gkhaa.001,refurbished acer 15.6 intel core i7 2.7 ghz 12 gb ram 1tb hdd windows 10 home|r5-571tg-78g8 acer nx.gkhaa.001 windows 10
5661,a252,w685,t8tjg,2018 2-in-1 dell inspiron 13 5000 13.3 inch full hd touchscreen flagship backlit keyboard laptop pc intel core i7-8550u quad-core 8gb ddr4 256gb ssd waves maxxaudio pro windows 10 dell t8tjg windows 10,t8tjg,dell chromebook 11 3189 - 11.6 - celeron n3060 - 4 gb ram - 64 gb ssd dell t8tjg chrome os
5716,a2551,w585,1kv26ua#aba,hp laptop 15-bw071nrwindows 10 homeamd a9-94204gb ddr41tb 5400rpm sata hdda hp 1kv26ua#aba unknown,1kv01ua#aba,hp 15-bs030nr 15.6 laptop touchscreen windows 10 intel core i5-7200u processor 8gb ram 1tb hard drive hp 1kv01ua#aba windows 10
5774,a260,w804,hp touch 15,hp 15.6’’ hd touchscreen trubrite display laptop pc intel dual core i5-7200u 2.5ghz processor 8gb ddr4 sdram 1tb hdd hdmi hd graphics 620 dts studio sound dvd burner windows 10 hp hp touch 15 windows 10,hp envy 15t fhd touch,newest hp envy 15t high performance laptop pc with full hd touchscreen ( intel i7 processor 32gb ram 1tb hdd + 1tb ssd 15.6 inch fhd (1920 x 1080) touchscreen windows 10) hp hp envy 15t fhd touch 
5785,a2609,w1509,hp pavilion,2018 flagship hp pavilion 14 wled hd premium business laptop - intel dual-core i5-7200u up to 3.1ghz 12gb ddr4 128gb ssd+1tb hdd b&o play 802.11ac bluetooth hdmi usb type-c backlit keyboard win 10 hp hp pavilion windows 10 home 64-bit,hp pavilion gaming 15t t9y85av,hp pavilion 15t gaming laptop with uhd 4k touchscreen ( i7 quad core 16gb nvidia geforce 960m 512gb ssd 15.6 inch uhd (3840 x 2160) touchscreen windows 10) t9y85av hp hp pavilion gaming 15t t9y85av 
5797,a2616,w1392,pa71hs-g,prostar clevo pa71hs-g 17.3” full hd ips matte display gaming laptop with g-sync intel core i7-7700hq 16gb ddr4 gtx 1070 256gb nvme ssd 1tb hdd windows 10 home wi-fi+bluetooth 1-year warranty prostar pa71hs-g windows 10,n850hk1,prostar clevo n850hk1 15.6” full hd ips (1920x1080) matte display gaming laptop intel core i7-7700hq 8gb ddr4 gtx 1050ti 1tb hdd windows 10 home wi-fi+bluetooth 1-year warranty prostar n850hk1 microsoft?? windows 10 (64-bit)??
5856,a2616,w1601,pa71hs-g,prostar clevo pa71hs-g 17.3” full hd ips matte display gaming laptop with g-sync intel core i7-7700hq 16gb ddr4 gtx 1070 256gb nvme ssd 1tb hdd windows 10 home wi-fi+bluetooth 1-year warranty prostar pa71hs-g windows 10,p650hp6-g,prostar clevo p650hp6-g vr ready gaming 15.6 fhd/ips/matte display with g-sync intel core i7-7700hq 32gb ddr4 gtx 1060 1tb hdd windows 10 home wi-fi+bluetooth 1-year warranty prostar p650hp6-g microsoft windows 10 (64-bit)
5981,a2689,w676,hp-15touch-laptop,2016 hp 15.6 touchscreen premium high performance laptop amd a10-9600p quad-core 2.4ghz 6gb ram 1tb hdd dvd+/-rw webcam wifi hdmi radeon r5 graphics windows 10 hp hp-15touch-laptop windows 10,,new flagship hp laptop 15.6 hd high performance premium touchscreen amd a8-7410 quad-core 2.20 ghz 4gb ram 1tb hdd amd radeon r5 dvdrw wlan webcam usb 3.0 hdmi win 10 -dreamy teal hp windows 10
6079,a2717,w774,,omen x by hp 17.3 inch 4k uhd gaming and business laptop pc (intel i7 quad core processor 32gb ram 2tb ssd 17.3 3840x2160 display nvidia geforce gtx 1080 win 10 pro) vr ready michaelelectronics2 windows 10,hp-17-02401-fhd-me15,hp envy 17t premium 17.3 inch touch laptop (intel 8th gen i7 quad core 16gb ram 4tb ssd (solid state drive) nvidia geforce mx150 17.3 fhd (1920 x 1080) touchscreen dvd win 10 pro) michaelelectronics2 hp-17-02401-fhd-me15 microsoft windows
6090,a2724,w1610,hp pavilion,2018 flagship hp pavilion 15.6 fhd ips gaming business laptop intel quad-core i7-8550u 16gb ddr4 256gb ssd 4gb nvidia geforce 940mx dvdrw backlit keyboard b&o play wlan bluetooth usb type-c win 10 hp hp pavilion windows 10 home 64-bit,hp pavilion gaming 15t t9y85av,hp pavilion 15t gaming laptop with full hd touchscreen ( intel i7 quad core 16gb nvidia geforce 960m 2tb hdd + 1tb ssd 15.6 inch fhd (1920 x 1080) touchscreen windows 10) t9y85av hp hp pavilion gaming 15t t9y85av 
6131,a2758,w3209,thinkpad p51s,lenovo thinkpad p51s touch mobile workstation laptop - windows 10 pro core i7-7500u 32gb ram 1tb ssd 15.6 fhd 1080p ips touchscreen nvidia quadro m520m fingerprint smart card reader lenovo thinkpad p51s windows 10 pro,,pcie touch lenovo thinkpad t460s windows 10 pro laptop - intel core i7-6600u 8gb ram 512gb pcie-nvme ssd 14 ips fhd (1920x1080) matte touchscreen fingerprint reader smart card reader lenovo windows 10
6207,a2763,w3423,thinkpad p50,lenovo thinkpad p50 mobile workstation laptop - windows 10 pro - intel i7-6700hq 64gb ram 2tb ssd 15.6 fhd ips (1920x1080) display nvidia quadro m1000m fingerprint reader ac wi-fi lenovo thinkpad p50 windows 10 pro,len-15-01217-p71me12,lenovo thinkpad p51s 15.6'' premium mobile workstation ultrabook laptop (intel i7 processor 32gb ram 2tb ssd 15.6 inch fhd 1920x1080 ips display nvidia quadro m520m fingerprint win 10 pro) michaelelectronics2 len-15-01217-p71me12 microsoft windows
6300,a2794,w3250,,lenovo thinkpad t470s windows 10 pro laptop - intel core i7-7500u 16gb ram 516gb pcie nvme ssd 14 ips wqhd (2560x1440) matte display fingerprint reader smart card reader black color lenovo windows 10 pro,,pcie lenovo thinkpad t460s business windows 7 pro laptop - intel core i7-6600u 12gb ram 256gb pcie-nvme ssd 14 ips wqhd (2560x1440) matte display fingerprint reader smart card reader lenovo windows 7
6351,a2794,w3444,,lenovo thinkpad t470s windows 10 pro laptop - intel core i7-7500u 16gb ram 516gb pcie nvme ssd 14 ips wqhd (2560x1440) matte display fingerprint reader smart card reader black color lenovo windows 10 pro,,pcie lenovo thinkpad t460s business windows 8.1 pro laptop - intel core i7-6600u 12gb ram 2tb pcie-nvme ssd 14 ips wqhd (2560x1440) matte display fingerprint reader smart card reader lenovo windows 8
6390,a2806,w902,b01civbu66,dell inspiron 15 15.6 inch full hd 1920 x 1080 led touchscreen laptop intel core i5-4210u 16gb ddr3 memory ram 1tb hard drive hdd dvd usb 3.0 hdmi bluetooth webcam 802.11ac backlit keyboard windows 10 dell b01civbu66 windows 10,,dell inspiron 15.6 full hd 1920x1080 touchscreen laptop latest intel skylake core i5-6200u 8gb memory 250gb ssd solid state drive realsense 3d camera usb 3.0 bluetooth backlit keyboard windows 10 dell 
6392,a2812,w3042,20fl000kus,lenovo thinkpad p50s 20fl000kus 15.6 fhd (1920x1080) ips display intel i7-6500u processor 8gb ram 500gb hard drive nvidia quadro m500m 2gb windows 7 professional lenovo 20fl000kus windows 7 professional,20hr000kus,lenovo thinkpad x1 carbon 14 fullhd laptop i5-7300u16gb 256gb ssd win10 pro lenovo 20hr000kus windows 10 pro (english)
6474,a2872,w1304,i5378-5896gry,dell i5378-5896gry inspiron pro 13.3 fhd with touch laptop computer (core i5-7200u 8gb ddr4 256gb solid state drive windows 10 pro) gray dell i5378-5896gry windows 10 pro,i5378-4314gry,dell inspiron i53784314gry 13.3 laptop touchscreen windows 10 home intel core i5-7200u processor 8gb ram 256gb solid state drive dell i5378-4314gry windows 10
6529,a290,w685,t8tjg,2017 flagship dell premium inspiron 15.6 led-backlit hd laptop - intel dual-core i3-7100u 2.4ghz 8gb ram 128gb ssd dvdrw wlan bluetooth hdmi webcam 3-in-1 card reader maxxaudio win 10 dell t8tjg windows 10 home 64-bit,t8tjg,dell chromebook 11 3189 - 11.6 - celeron n3060 - 4 gb ram - 64 gb ssd dell t8tjg chrome os
6538,a2906,w2674,nx.glbaa.003,acer laptop 15.6 intel core i7 3.5ghz 8gb ram 1tb hdd windows 10 (certified refurbished) acer nx.glbaa.003 windows 10 home,nx.gmuaa.003,refurbished acer 15.6 amd a9 dual-core 2.9ghz 8 gb ram 1 tb hdd windows 10 home|e5-523-99mc acer nx.gmuaa.003 windows 10
6553,a2922,w2599,thinkpad p51s,lenovo thinkpad p51s mobile workstation laptop windows 7 pro core i7-7500u 32gb ram 512gb ssd 15.6 4k uhd 3840x2160 ips display ir cam nvidia quadro m520m backlit keyboard smart card reader lenovo thinkpad p51s windows 7 pro,thinkpad,refurbished lenovo thinkpad t430 i5 2.6ghz 8gb 240ssd dvd windows 10 pro 64 laptop cam lenovo thinkpad 
6555,a2922,w3114,thinkpad p51s,lenovo thinkpad p51s mobile workstation laptop windows 7 pro core i7-7500u 32gb ram 512gb ssd 15.6 4k uhd 3840x2160 ips display ir cam nvidia quadro m520m backlit keyboard smart card reader lenovo thinkpad p51s windows 7 pro,len-15-01217-p71me8,lenovo thinkpad p51s 15.6'' premium mobile workstation ultrabook laptop (intel i7 processor 32gb ram 512gb ssd 15.6 inch fhd 1920x1080 ips display nvidia quadro m520m fingerprint win 10 pro) michaelelectronics2 len-15-01217-p71me8 microsoft windows
6559,a2926,w2306,,2018 newest hp flagship 17.3 hd+ notebook intel core i3-7100u processor 2.4 ghz 8gb memory 2tb hard drive optical drive hd webcam backlit keyboard windows 10 home marine blue hp flagship laptop windows 10,,hp 17-bs088cl 17.3 hd+ notebook intel core i3-7100u dc processor 8gb memory 2tb hard drive optical drive hd webcam backlit keyboard pale mint hp windows 10
6635,a2944,w2727,nx.gswaa.001,17.3 ci58250 8g 1tb w10 acer nx.gswaa.001 unknown,nx.gqlaa.001,acer swift 3 14.0 fullhd laptop i5-8250u quad-core 8gb 256gb ssd win10 acer nx.gqlaa.001 windows 10
6683,a302,w1742,p0b79ut#aba,hp chromebook 11 g4 11.6 inch laptop (intel n2840 dual-core 2gb ram 16gb flash ssd chrome os) black hewlett packard p0b79ut#aba chrome,p0b79ut # aba,hewlett packard p0b79ut#aba chromebook hp p0b79ut # aba chrome os (english)
6699,a325,w2002,ideapad 320,2018 lenovo ideapad 320 15.6 laptop windows 10 intel celeron n3350 dual-core processor up to 2.4ghz 4gb ram 1tb hard drive dvd-rw wifi bluetooth webcam (coral red) lenovo ideapad 320 windows 10,80xr00agus,lenovo ideapad 320 15.6 laptop windows 10 intel celeron n3350 dual-core processor 4gb ram 1tb hard drive – platinum grey lenovo 80xr00agus windows 10
6709,a346,w1304,i5378-7171gry,dell inspiron i5378-7171gry 13.3 fhd 2-in-1 (7th generation intel core i7 8gb 256gb ssd) microsoft signature image dell i5378-7171gry windows 10,i5378-4314gry,dell inspiron i53784314gry 13.3 laptop touchscreen windows 10 home intel core i5-7200u processor 8gb ram 256gb solid state drive dell i5378-4314gry windows 10
6714,a353,w685,t8tjg,2017 hp 17.3 fhd ips business gaming laptop - intel dual-core i7-7500u 16gb ddr4 1tb hdd dvd burner amd r5 m430 2gb backlit keyboard dts studio 802.11ac bluetooth webcam win 10 hp t8tjg windows 10,t8tjg,dell chromebook 11 3189 - 11.6 - celeron n3060 - 4 gb ram - 64 gb ssd dell t8tjg chrome os
6719,a359,w685,t8tjg,newest flagship acer r13 13.3 convertible 2-in-1 full hd ips touchscreen chromebook - intel quad-core mediatek mt8173c 2.1ghz 4gb ram 32gb ssd wlan bluetooth webcam hdmi usb 3.0 chrome os acer r13 t8tjg chrome os,t8tjg,dell chromebook 11 3189 - 11.6 - celeron n3060 - 4 gb ram - 64 gb ssd dell t8tjg chrome os
6765,a382,w3060,thinkpad x260 20f6 business,lenovo thinkpad x260 business laptop: 12.5 ips anti-glare fhd (1920x1080) intel core i7-6600u 256gb ssd 16gb ddr4 backlit keyboard fp reader windows 7 pro upgradeable to win 10 pro lenovo thinkpad x260 20f6 business windows 10 professional windows 7 professional,,lenovo thinkpad t460s business performance windows 8.1 pro laptop - intel core i7-6600u 8gb ram 128gb ssd 14 ips fhd (1920x1080) matte display fingerprint reader backlit keyboard ac wifi lenovo windows 8
6816,a382,w3381,thinkpad x260 20f6 business,lenovo thinkpad x260 business laptop: 12.5 ips anti-glare fhd (1920x1080) intel core i7-6600u 256gb ssd 16gb ddr4 backlit keyboard fp reader windows 7 pro upgradeable to win 10 pro lenovo thinkpad x260 20f6 business windows 10 professional windows 7 professional,,lenovo thinkpad t460s business performance windows 10 pro laptop - intel core i7-6600u 20gb ram 1tb ssd 14 ips fhd (1920x1080) matte display fingerprint reader backlit keyboard ac wifi lenovo windows 10
6860,a389,w3116,,lenovo thinkpad x1 carbon 4 business ultrabook - windows 10 pro - intel core i7-6600u 512gb ssd 16gb ram 14 wqhd ips (2560x1440) display fingerprint reader ac wifi intel hd graphics 520 lenovo windows 10 pro,,lenovo thinkpad x1 carbon 4 business ultrabook - windows 10 pro - intel core i7-6600u 128gb ssd 16gb ram 14 wqhd ips (2560x1440) display fingerprint reader intel hd graphics 520 lenovo windows 10
6886,a389,w3221,,lenovo thinkpad x1 carbon 4 business ultrabook - windows 10 pro - intel core i7-6600u 512gb ssd 16gb ram 14 wqhd ips (2560x1440) display fingerprint reader ac wifi intel hd graphics 520 lenovo windows 10 pro,,lenovo thinkpad x1 carbon 4 business ultrabook - windows 8.1 pro - intel core i7-6600u 256gb nvme-pcie ssd 16gb ram 14 wqhd ips (2560x1440) display fingerprint reader intel hd graphics 520 lenovo windows 8
6900,a389,w3248,,lenovo thinkpad x1 carbon 4 business ultrabook - windows 10 pro - intel core i7-6600u 512gb ssd 16gb ram 14 wqhd ips (2560x1440) display fingerprint reader ac wifi intel hd graphics 520 lenovo windows 10 pro,,lenovo thinkpad t460s business performance windows 7 pro laptop - intel core i7-6600u 20gb ram 256gb ssd 14 ips wqhd (2560x1440) matte display fingerprint reader smart card reader ac wifi lenovo windows 7
6911,a389,w3289,,lenovo thinkpad x1 carbon 4 business ultrabook - windows 10 pro - intel core i7-6600u 512gb ssd 16gb ram 14 wqhd ips (2560x1440) display fingerprint reader ac wifi intel hd graphics 520 lenovo windows 10 pro,,lenovo thinkpad x1 carbon 4 business ultrabook - windows 8.1 pro - intel core i7-6600u 1tb nvme-pcie ssd 16gb ram 14 fhd ips (1920x1080) display fingerprint reader intel hd graphics 520 lenovo windows 8
6926,a389,w3336,,lenovo thinkpad x1 carbon 4 business ultrabook - windows 10 pro - intel core i7-6600u 512gb ssd 16gb ram 14 wqhd ips (2560x1440) display fingerprint reader ac wifi intel hd graphics 520 lenovo windows 10 pro,,lenovo thinkpad x1 carbon 4 business ultrabook - windows 10 pro - intel core i7-6600u 1tb nvme-pcie ssd 16gb ram 14 wqhd ips (2560x1440) display fingerprint reader intel hd graphics 520 lenovo windows 10
6973,a389,w511,,lenovo thinkpad x1 carbon 4 business ultrabook - windows 10 pro - intel core i7-6600u 512gb ssd 16gb ram 14 wqhd ips (2560x1440) display fingerprint reader ac wifi intel hd graphics 520 lenovo windows 10 pro,,oled lenovo thinkpad x1 yoga multimode ultrabook - windows 10 pro - intel i7-7600u 512gb ssd nvme-pcie 16gb ram 14 wqhd oled 2560x1440 touchscreen w/ pen input fingerprint reader - black lenovo windows 7
6984,a399,w1856,80xb0000us,lenovo flex 5 15.6-inch 2-in-1 laptop (intel core i7 8 gb ram 256 gb ssd windows 10) 80xb0000us lenovo 80xb0000us windows 10,80vh0000us,lenovo n22 cel-1 point 6 11 point 6tch 2gb 16gb cam bt chrm 80vh0000us notebooks lenovo 80vh0000us chrome os
6997,a410,w2456,t8tjg,2017 premium hp high performance laptop pc 15.6-inch hd+ display intel pentium quad-core processor 8gb ram 500gb hdd wifi dvd hdmi bluetooth windows 10 hp t8tjg windows 10,2017,2017 newest hp premium high performance 17.3 inch business laptop intel pentium n3710 quad-core processor 4gb memory 1tb hard drive hd webcam dvd hdmi webcam 802.11ac bluetooth window 10- turbo silver hp 2017 windows 10
7049,a438,w1696,nx.g85aa.003,acer nx.g85aa.003 chromebook 11.6 denim white cb3-131-c3kd intel celeron 2gb 16gb ssd acer nx.g85aa.003 chrome os,nx.g85aa.001,acer denim white 11.6 cb3-131-c3sz chromebook 11 pc with intel celeron n2840 dual-core processor 2gb memory 16gb flash storage and google chrome acer nx.g85aa.001 chrome
7103,a469,w579,fba_7430000000000,lenovo premium built high performance 15.6 inch hd laptop (intel celeron processor 4gb ram 500gb hdd dvd rw bluetooth webcam wifi hdmi windows 10 ) - black lenovo fba_7430000000000 windows 10,,hp flagship high performance 15.6 hd touchscreen laptop pc premium flagship intel quad-core pentium n3710 processor 4gb ram 500gb hdd supermulti dvd burner webcam hdmi wi-fi usb 3.0 windows hp windows 10
7125,a478,w1829,nx.ge8aa.002,acer chromebook 14 cp5-471-35t4 black (nx.ge8aa.002) nx.ge8aa.002 chrome,nx.g4xaa.002,acer chromebook 11 cb3-132-c4vv 11.6 lcd chromebook - intel celeron n3060 dual-core (2 core) 1.60 ghz - 4 gb ddr3l sdram - 16 gb flash memory - chrome os - 1366 x 768 - comfyview in-plane switc acer nx.g4xaa.002 chrome os
7146,a478,w4493,nx.ge8aa.002,acer chromebook 14 cp5-471-35t4 black (nx.ge8aa.002) nx.ge8aa.002 chrome,nx.gptaa.002,refurbished acer 15.6 intel core pentium 1.1ghz 4gb ram 32gb flash chrome os|cb515-1ht-p39b acer nx.gptaa.002 chrome os
7243,a542,w685,t8tjg,2018 dell inspiron 15.6-inch 5000 hd laptop pc - intel core i7 processor 8gb memory 512gb ssd bluetooth usb 3.0 (windows 10 pro) dell t8tjg windows 10 home,t8tjg,dell chromebook 11 3189 - 11.6 - celeron n3060 - 4 gb ram - 64 gb ssd dell t8tjg chrome os
7286,a568,w600,i5579-7978gry-pus,dell i5579-7978gry-pus inspiron 15.6 touch display - 8th gen intel core i7 - 8gb memory - 1tb har drive - theoretical gray dell i5579-7978gry-pus windows 10 home,i5565-a000gry-pus,dell inspiron 15 5000 series (5565) with 7th gen amd a12-9700p quad-core processor 12gb memory 1tb hard drive 15.6-inch fhd (1920 x 1080) truelife led-backlit touch display windows 10 home dell i5565-a000gry-pus windows 10 home 64bit english
7297,a572,w356,20fd002hus,lenovo yoga 260 business convertible - 20fd002hus (12.5” fhd intel core i5-6300u 2.4ghz 8gb ddr4 256gb ssd fingerprint reader windows 10 pro 64) lenovo 20fd002hus windows 10,20fd0001us,lenovo thinkpad yoga 260 12.5 convertible notebook w/ intel i3 & 128gb ssd lenovo 20fd0001us windows 10
7307,a592,w1358,gl753vd-ds71,asus rog strix gl753vd 17.3 gaming laptop gtx 1050 4gb intel core i7-7700hq 16gb ddr4 1tb 7200rpm hdd rgb keyboard asus gl753vd-ds71 windows 10,gl753vd-ds71,gl753vd-ds71 i7-7700hq 16gb 1tb 17.3in no touch screen w10 asus gl753vd-ds71 windows 10
7396,a666,w400,envy x360 15 quad 8th gen. 2gj44av,hp envy x360-15t quad core(8th gen. intel i7-8550u 16gb ddr4 1tb+128gb pcie nvme ssd intel uhd 620 ips edge-to-edge bluetooth windows 10)bang & olufsen ms ink 15.6 convertible 2-in-1 laptop hp envy x360 15 quad 8th gen. 2gj44av windows 10,hp envy x360 -15t fhd touch laptop,hp envy x360 convertible 15t fhd touch 2-in-1 premium laptop / tablet (intel i7 processor 32gb ram 1tb hdd + 128gb ssd 15.6 inch fhd (1920 x 1080) touchscreen win 10 pro) michaelelectronics2 hp envy x360 -15t fhd touch laptop microsoft windows
7512,a720,w2546,1jd36ut#aba,hp zbook 15 g4 mobile workstation - xeon e3-1505mv6 / 3 ghz - win 10 pro 64-bit - 16 gb ram - 512 gb ssd hp z turbo drive g2 nvme tlc - 15.6 1920 x 1080 (full hd) - quadro m2200 / hd graphics p630 1jd36ut#aba unknown,1jd32ut#aba,hp zbook 15 g4 mobile workstation - 15.6 - core i7 7700hq - 8 gb ram - 1 tb hdd - us hp 1jd32ut#aba windows 10
7554,a751,w3114,lenovo thinkpad p71 mobile workstation,lenovo thinkpad p71 17.3'' mobile workstation laptop (intel i7 quad core processor 16gb ram 1tb hdd + 512gb ssd 17.3 inch fhd 1920x1080 display nvidia quadro m620m win 10 pro) lenovo lenovo thinkpad p71 mobile workstation ,len-15-01217-p71me8,lenovo thinkpad p51s 15.6'' premium mobile workstation ultrabook laptop (intel i7 processor 32gb ram 512gb ssd 15.6 inch fhd 1920x1080 ips display nvidia quadro m520m fingerprint win 10 pro) michaelelectronics2 len-15-01217-p71me8 microsoft windows
7632,a821,w2046,80xa0001us,lenovo flex 5 14-inch 2-in-1 laptop (intel core i5 8 gb ram 128 gb ssd windows 10) 80xa0001us lenovo 80xa0001us windows 10,80xa000tus,lenovo flex 5 14 2 in 1 laptop windows 10 intel core i5-7200u dual-core processor 8gb ram 1tb hard drive lenovo 80xa000tus windows 10
7673,a835,w339,hp,2018 premium newest hp envy x360 15.6 inch fhd flagship touchscreen laptop (amd quad-core ryzen 5 2500u 16gb ddr4 ram 512gb ssd + 1tb hdd backlit keyboard b&o speakers hd webcam windows 10) hp hp windows 10,hp-15-02395-fhd-me23,hp envy x360 15z premium yoga style 2-in-1 convertible laptop (amd ryzen 5 quad core apu radeon vega 8 16gb ram 1tb hdd + 128gb ssd 15.6 fhd 1920x1080 touchscreen backlit keyboard win 10 pro) michaelelectronics2 hp-15-02395-fhd-me23 microsoft windows
7693,a856,w2220,w2l54ua,flagship hp 15.6 hd high performance laptop - intel i5 up to 2.8ghz 8gb ram 1tb hdd wlan webcam usb 3.0 hdmi win 10 hp w2l54ua windows 10,w2l54ua#aba,hp pavilion 15-au020wm 15.6 manhattan gold laptop windows 10 intel core i5-6200u processor 8gb memory 1tb hard drive hp w2l54ua#aba windows 10
7724,a884,w753,i5559-7080slv,dell inspiron i5559-7080slv 15.6 inch fhd touchscreen laptop with intel realsense (6th generation intel core i7 8 gb ram 1 tb hdd) amd radeon r5 dell i5559-7080slv windows 10,i5559-7080slv,refurbished dell inspiron i5559-7080slv 15.6 inch fhd touchscreen laptop with intel realsense (6th generation intel core i7 8 gb ram 1 tb dell i5559-7080slv microsoft windows
7803,a888,w3258,,lenovo thinkpad x1 carbon 4 business ultrabook - windows 10 pro - intel core i7-6600u 1tb ssd 16gb ram 14 wqhd ips (2560x1440) display fingerprint reader ac wifi intel hd graphics 520 lenovo windows 10 pro,,lenovo thinkpad t460s business performance windows 7 pro laptop - intel core i7-6600u 8gb ram 1tb ssd 14 ips fhd (1920x1080) matte display fingerprint reader smart card reader ac wifi lenovo windows 7
7858,a888,w3422,,lenovo thinkpad x1 carbon 4 business ultrabook - windows 10 pro - intel core i7-6600u 1tb ssd 16gb ram 14 wqhd ips (2560x1440) display fingerprint reader ac wifi intel hd graphics 520 lenovo windows 10 pro,,pcie lenovo thinkpad t460s business windows 7 pro laptop - intel core i7-6600u 20gb ram 1tb pcie-nvme ssd 14 ips wqhd (2560x1440) matte display fingerprint reader smart card reader lenovo windows 7
7950,a947,w3043,t6f44ut#aba,hp t6f44ut#aba business 840 i5-6200u 14.0 4gb 500gb laptop hp t6f44ut#aba windows 7 professional,t6e14ut#aba,hp zbook studio g3 mobile workstation - 15.6 - core i7 6700hq - 8 gb ram - 256 gb ssd hp t6e14ut#aba windows 7
7968,a952,w2168,nx.g15aa.001,acer cb3-531-c4a5 15.6 chromebook - celeron n2830 2.16 ghz - 2 gb ram - 16 gb ssd - textured granite gray acer nx.g15aa.001 chrome os,nx.glbaa.001,acer aspire e15 e5-575-74rc 15.6 full hd screenintel core i7-7500u processor 8gb ddr4 1tb hard drive windows 10 home steel gray acer nx.glbaa.001 windows 10
7995,a971,w685,t8tjg,msi gl72 17.3 1920x1080 gaming laptop (2017) 7th gen intel i7-7700hq quad-core 2.8ghz nvidia geforce gtx 960m 2gb 8gb ram 1tb hdd 802.11ac bluetooth hdmi hd webcam win10 home 64-bit msi-17.3-inch-8gb-1tb t8tjg windows 10,t8tjg,dell chromebook 11 3189 - 11.6 - celeron n3060 - 4 gb ram - 64 gb ssd dell t8tjg chrome os
8027,a993,w2174,nx.vdcaa.015,acer travelmate 15.6 lcd notebook - dual-core 2.30 ghz - 8 gb ddr4 sdram - 500 gb hdd acer nx.vdcaa.015 windows 10 pro,nx.vcgaa.015,acer travelmate b117-m-c9gh - 11.6 - celeron n3160 - 4 gb ram - 128 gb ssd - us international acer nx.vcgaa.015 windows 10
