x,id,label,left_id,left_model,left_extended_title,right_id,right_model,right_extended_title
302,4691,1,a2439,,lenovo thinkpad t470s windows 10 intel core i7 7600u 12gb 512gb ssd 14 ips fhd 1920x1080 ,w3300,,lenovo thinkpad t460s touch windows 8.1 intel core i7 6600u 12gb 1tb ssd 14 ips fhd 1920x1080 touchscreen 
176,2613,0,a1838,,lenovo thinkpad x1 carbon 4 windows 10 intel core i7 6600u 1tb ssd 16gb 14 fhd ips 1920x1080 intel hd 520 ,w3088,,lenovo thinkpad t460s windows 10 intel core i7 6600u 12gb 128gb ssd 14 ips fhd 1920x1080 
198,2940,1,a1919,,lenovo thinkpad t470s windows 10 intel core i7 7500u 16gb 512gb ssd 14 ips fhd 1920x1080 ,w3353,,pcie touch lenovo thinkpad t460s windows 10 intel core i7 6600u 8gb 1tb nvme ssd 14 ips fhd 1920x1080 touchscreen 
116,1585,0,a1429,xps9550 10000slv,de10020 dell xps 15 9550 15.6 4k touch i7 6700hq nvida gtx960m 16gb 1tb ssd xps9550 10000slv unknown,w3490,xps13r2 1100slv,dell 13.3 xps 13 xps13r2 1100slv pc intel core i7 3537u windows 8 microsoft
168,2528,1,a1799,hp pavilion,2018 hp 15.6 fhd 1080p intel core i7 7500u 3.5 ghz 12gb ddr4 256gb ssd no windows 10 pavilion,w1429,hp pavilion 15t t9y85av,hp pavilion 15t uhd 4k touchscreen intel i7 quad core 32gb nvidia geforce 960m 512gb ssd 15.6 uhd 3840 x 2160 touchscreen windows 10 t9y85av 
373,5832,1,a389,,lenovo thinkpad x1 carbon 4 windows 10 intel core i7 6600u 512gb ssd 16gb 14 wqhd ips 2560x1440 intel hd 520 ,w3021,,lenovo thinkpad x1 carbon 4 windows 10 intel core i7 6500u 512gb nvme ssd 8gb 14 fhd ips 1920x1080 intel hd 520 
120,1667,1,a1484,hp envy x360,2018 hp envy x360 2 1 15.6 fhd touchscreen amd quad core fx 9800p 2.7ghz 8gb ddr4 256gb ssd 802.11ac 4.0 usb 3.0，hdmi， windows 10 ,w760,hp envy 15t fhd touch,newest hp envy 15t pc full hd touchscreen intel i7 8 gb 1tb hdd 128 gb ssd 15.6 fhd 1920 x 1080 touchscreen windows 10 
297,4655,1,a2439,,lenovo thinkpad t470s windows 10 intel core i7 7600u 12gb 512gb ssd 14 ips fhd 1920x1080 ,w3246,,pcie touch lenovo thinkpad t460s windows 8.1 intel core i7 6600u 12gb 512gb nvme ssd 14 ips fhd 1920x1080 touchscreen 
112,1550,1,a1411,80xl03bqus,lenovo ideapad 320 80xl03bqus 2.70 ghz 12 gb 256 gb ssd nvidia geforce 940mx 15.6 windows 10 home,w2549,80xl03ccus,lenovo ideapad 320 15ikb core i3 4gb 1tb 80xl03ccus windows 10
264,4111,1,a2252,p650hp6 g,prostar clevo p650hp6 g vr ready 15.6 fhd 120hz 5ms g sync intel core i7 7700hq 16gb ddr4 gtx 1060 256gb nvme ssd 1tb hdd windows 10 wi fi 1 prostar,w1580,p650hp6 g,prostar clevo p650hp6 g vr ready 15.6 fhd ips g sync intel core i7 7700hq 8gb ddr4 gtx 1060 128gb ssd 1tb hdd windows 10 wi fi 1 p650hp6 g microsoft 
255,3952,1,a2162,6tdjt,dell 6tdjt xps 13 13.3 qhd touch intel core i7 7500u 8gb lpddr3 256gb solid state windows 10 ,w841,6tdjt,dell xps 13 9360 13.3 core i7 7500u 8 gb 256 gb ssd 6tdjt windows 10
136,1934,1,a1672,hp pavilion 15 au067cl,hp pavilion 15.6 touchscreen intel i5 6200u 8gb ddr4 1tb hdd 802.11ac b&o windows 10 15 au067cl,w1455,hp pavilion 15t,2016 hp pavilion 15t 15.6 fhd touchscreen intel i5 16gb 240gb ssd 15.6 fhd 1920 x 1080 touchscreen windows 10 microsoft
190,2841,1,a1919,,lenovo thinkpad t470s windows 10 intel core i7 7500u 16gb 512gb ssd 14 ips fhd 1920x1080 ,w3199,,lenovo thinkpad t460s windows 8.1 intel core i7 6600u 20gb 256gb ssd 14 ips fhd 1920x1080 
313,4789,1,a2439,,lenovo thinkpad t470s windows 10 intel core i7 7600u 12gb 512gb ssd 14 ips fhd 1920x1080 ,w3458,,pcie lenovo thinkpad t460s windows 7 intel core i7 6600u 20gb 2tb nvme ssd 14 ips wqhd 2560x1440 
229,3466,1,a1997,,lenovo thinkpad t460s windows 10 intel core i7 6600u 8gb 256gb ssd 14 ips fhd 1920x1080 ,w3207,,lenovo thinkpad t460s windows 8.1 intel core i7 6600u 12gb 512gb ssd 14 ips fhd 1920x1080 
126,1795,0,a159,p0b78ut#aba,hp chromebook 11 g4 ee 11.6 1366x768 intel celeron n2840 2.16ghz 16gb emmc ssd 4gb chrome p0b78ut#aba,w821,p0b93ut#aba,hp carbon 12.5 elitebook 725 g2 p0b93ut pc amd a10 7350b 4gb touch 180gb solid state windows 10 p0b93ut#aba
368,5714,1,a2961,20fd003rus,lenovo thinkpad yoga 260 12.5 core i5 6300u 180gb ssd 8gb win 10 20fd003rus unknown,w291,20fd002hus,lenovo thinkpad yoga 260 20fd002hus 12.5 2 1 intel 20fd002hus windows 10 edition
415,6349,1,a68,gx501vs xs71,asus gx501vs xs71 rog zephyrus gx501 15.6” full hd 120hz gtx 1070 intel core i7 256gb ssd 16gb ddr4 asus windows pro,w1492,gx501vs xs71,asus gx501vs xs71 i7 7700hq 2.8ghz 3.8ghz asus windows 10
320,4893,0,a25,i5379 5043gry pus,dell inspiron 13 5000 2 1 13.3 touch 8th gen intel core i5 8250u 8gb 1 tb i5379 5043gry pus windows 10,w64,i5579 7978gry pus,dell inspiron 15.6 2 1 i7 8550u 8gb 1tb hd keyboar i5579 7978gry pus windows 10
133,1891,1,a163,81ca0008us,lenovo flex 5 15.6 2 1 intel core i5 8250u 8gb ddr4 256gb ssd windows 10 81ca0008us ,w1038,81ca000fus,lenovo flex 5 1470 14 fhd touchscreen i7 8550u 8gb 256gb ssd win10 81ca000fus microsoft windows
33,412,1,a1138,,lenovo thinkpad t470s windows 10 intel core i7 7600u 20gb 256gb nvme ssd 14 ips wqhd 2560x1440 ,w3386,,lenovo thinkpad t460s windows 10 intel core i7 6600u 20gb 1tb ssd 14 ips fhd 1920x1080 
427,6553,0,a815,t8tjg,lenovo ideapad 15.6 hd pc amd a12 9720p quad core 8gb 1tb hdd rw 4.1 windows 10 t8tjg,w685,t8tjg,dell chromebook 11 3189 11.6 celeron n3060 4 gb 64 gb ssd t8tjg os
162,2477,1,a1774,81c9000hus,lenovo 81c9000hus flex 5 1470 2 1 intel i7 8550u 16gb 1tb hdd 512gb ssd 14 windows 10 home,w993,81c9000eus,lenovo flex 5 14 ips fhd 1920 x 1080 2 1 touchscreen intel i5 8250u 8gb 256gb ssd 2gb nvidia geforce 940mx win 10 active stylus pen tablet 81c9000eus microsoft windows
34,429,1,a1138,,lenovo thinkpad t470s windows 10 intel core i7 7600u 20gb 256gb nvme ssd 14 ips wqhd 2560x1440 ,w3410,,pcie touch lenovo thinkpad t460s windows 7 intel core i7 6600u 20gb 1tb nvme ssd 14 ips fhd 1920x1080 touchscreen 
44,528,0,a1174,t8tjg,eluktronics x p650hs g vr ready 15.6 120hz 5ms gamers pc intel i7 7700hq quad core win 10 8gb gddr5 nvidia geforce gtx 1070 g sync 512gb nvme ssd 32gb ddr4 t8tjg windows 64 bit,w685,t8tjg,dell chromebook 11 3189 11.6 celeron n3060 4 gb 64 gb ssd t8tjg os
97,1384,0,a1352,thinkpad p50,lenovo thinkpad p50 windows 7 intel i7 6700hq 64gb 1tb ssd 15.6 fhd ips 1920x1080 nvidia quadro m1000m ac wi fi thinkpad professional,w2599,thinkpad,refurbished lenovo thinkpad t430 i5 2.6ghz 8gb 240ssd windows 10 64 cam 
85,1128,1,a1347,,lenovo thinkpad t470s windows 10 intel core i7 7600u 20gb 512gb ssd 14 ips fhd 1920x1080 ,w3082,,lenovo thinkpad t460s windows 8.1 intel core i7 6600u 12gb 256gb ssd 14 ips fhd 1920x1080 
61,843,1,a1269,,lenovo thinkpad t470s windows 10 intel core i7 7600u 16gb 512gb ssd 14 ips wqhd 2560x1440 ,w3386,,lenovo thinkpad t460s windows 10 intel core i7 6600u 20gb 1tb ssd 14 ips fhd 1920x1080 
167,2524,1,a1791,,hp envy x360 15z yoga 2 1 convertible amd ryzen 5 quad core apu radeon vega 8 16gb 512gb ssd 15.6 fhd 1920x1080 touchscreen win 10 windows,w99,hp 15 02395 fhd me21,hp envy x360 15z yoga 2 1 convertible amd ryzen 5 quad core apu radeon vega 8 16gb 2tb hdd 1tb ssd 15.6 fhd 1920x1080 touchscreen win 10 hp 15 02395 fhd me21 microsoft windows
199,2944,1,a1919,,lenovo thinkpad t470s windows 10 intel core i7 7500u 16gb 512gb ssd 14 ips fhd 1920x1080 ,w3368,,lenovo thinkpad t460s windows 7 intel core i7 6600u 12gb 1tb ssd 14 ips wqhd 2560x1440 
173,2575,0,a1831,1bs33ut#aba,hp zbook 15u g4 15.6 windows intel core i7 2.7 ghz 8 gb 256 gb ssd amd firepro w4190m space 1bs33ut#aba 10,w155,1bs68ut#aba,hp probook x360 11 g1 education 11.6 celeron n3350 4 gb 128 gb ssd 1bs68ut#aba unknown
289,4518,1,a2426,20fcs5f100,lenovo thinkpad x1 carbon 4 20fc intel core i5 6300u 256gb ssd 8gb 14 fhd ips 1920x1080 ac wifiwindows 7 win 10 20fcs5f100,w3337,,lenovo thinkpad x1 carbon 4 windows 7 intel core i7 6600u 1tb nvme ssd 16gb 14 wqhd ips 2560x1440 intel hd 520 
246,3749,1,a2071,80sf001fus,lenovo n22 80sf001fus 11.6 chromebook intel celeron n3060 dual core 1.60 ghz 4gb 16gb emmc chrome ,w1790,80sf0000us,refurbished lenovo n22 80sf0000us chromebook pc 80sf0000us
441,6795,1,a900,lenovo thinkpad p51 workstation,lenovo thinkpad p51 15.6 intel i7 quad core 32gb 512gb ssd 15.6 fhd 1920x1080 ips nvidia quadro m1200m win 10 windows 64 bit,w3484,len 15 01217 p71me14,lenovo thinkpad p51s 15.6 intel i7 32gb 4tb ssd 15.6 fhd 1920x1080 ips nvidia quadro m520m win 10 len 15 01217 p71me14 microsoft windows
383,5999,1,a457,lenovo thinkpad p51 workstation,lenovo thinkpad p51 15.6 intel i7 quad core 16gb 512gb ssd 15.6 fhd 1920x1080 ips nvidia quadro m1200m win 10 windows 64 bit,w3333,len 15 01217 p71me11,lenovo thinkpad p51s 15.6 intel i7 16gb 2tb ssd 15.6 fhd 1920x1080 ips nvidia quadro m520m win 10 len 15 01217 p71me11 microsoft windows
299,4672,1,a2439,,lenovo thinkpad t470s windows 10 intel core i7 7600u 12gb 512gb ssd 14 ips fhd 1920x1080 ,w3263,,lenovo thinkpad t460s touch windows 10 intel core i7 6600u 8gb 1tb ssd 14 ips fhd 1920x1080 touchscreen 
108,1517,0,a1391,dell,2018 dell inspiron 15 5000 5577 15.6 fhd 1080p intel core i5 7300hq 2.5ghz 16gb 256gb ssd 1tb hdd nvidia gtx 1050 4gb windows 10 dell,w2701,dell,refurbished dell latitude e5440 intel core i5 1.9ghz 8gb 320gb rom windows 10 
344,5307,1,a2747,hp pavilion,2018 hp pavilion 15.6 fhd ips intel quad core i7 8550u 8gb ddr4 256gb ssd 4gb nvidia geforce 940mx b&o usb c win 10 windows 64 bit,w1509,hp pavilion 15t t9y85av,hp pavilion 15t uhd 4k touchscreen i7 quad core 16gb nvidia geforce 960m 512gb ssd 15.6 uhd 3840 x 2160 touchscreen windows 10 t9y85av 
218,3282,1,a1995,,lenovo thinkpad t470s windows 7 intel core i5 6300u 20gb 512gb ssd 14 ips fhd 1920x1080 professional,w3299,,lenovo thinkpad t460s windows 8.1 intel core i7 6600u 12gb 1tb ssd 14 ips fhd 1920x1080 
46,575,1,a1202,md760ll a,apple macbook air md760ll a 13.3 x mavericks,w3633,md313ll a,apple macbook md313ll a 13.3 
363,5628,0,a2899,t8tjg,top asus 13.3 2 1 touchscreen fhd convertible 7th intel core i5 7200 6gb ddr4 1tb hdd 802.11ac hdmi windows 10 t8tjg,w685,t8tjg,dell chromebook 11 3189 11.6 celeron n3060 4 gb 64 gb ssd t8tjg os
300,4676,1,a2439,,lenovo thinkpad t470s windows 10 intel core i7 7600u 12gb 512gb ssd 14 ips fhd 1920x1080 ,w3267,,pcie touch lenovo thinkpad t460s windows 10 intel core i7 6600u 20gb 256gb nvme ssd 14 ips fhd 1920x1080 touchscreen 
296,4651,1,a2439,,lenovo thinkpad t470s windows 10 intel core i7 7600u 12gb 512gb ssd 14 ips fhd 1920x1080 ,w3242,,pcie lenovo thinkpad t460s windows 8.1 intel core i7 6600u 12gb 512gb nvme ssd 14 ips fhd 1920x1080 
73,954,0,a1323,nx.ml8aa.004,acer aspire e5 571 588m 15.6 intel core i5 4210u 1.7ghz 4gb 500gb hdd windows 8.1 midnight nx.ml8aa.004 8 ,w1817,nx.ge8aa.004,manufacturer acer cp5 471 312n 14 chromebook chrome intel core i3 6100u 8gb 32gb nx.ge8aa.004
137,1937,1,a1672,hp pavilion 15 au067cl,hp pavilion 15.6 touchscreen intel i5 6200u 8gb ddr4 1tb hdd 802.11ac b&o windows 10 15 au067cl,w1559,hp pavilion 15t t9y85av,hp pavilion 15t full hd touchscreen intel i7 quad core 16gb nvidia geforce 960m 2tb hdd 128gb ssd 15.6 fhd 1920 x 1080 touchscreen windows 10 t9y85av 
430,6623,1,a85,i5378 3031gry pus,dell i5378 3031gry pus inspiron 13.3 2 1 7th gen core i3 2.40 ghz 4gb 1tb hdd intel hd 620 windows 10 64bit english,w224,i5578 3052gry pus,dell inspiron 15 i5578 3052gry pus 15.6 full hd 2 1 convertible touchscreen intel i3 7100u 8gb 1tb hdd windows
35,431,1,a1138,,lenovo thinkpad t470s windows 10 intel core i7 7600u 20gb 256gb nvme ssd 14 ips wqhd 2560x1440 ,w3413,,pcie lenovo thinkpad t460s windows 10 intel core i7 6600u 20gb 1tb nvme ssd 14 ips fhd 1920x1080 
394,6155,0,a537,t8tjg,dell xps 13 9360 8th gen intel i7 8550u13.3 qhd wled touch thunderbolt usb c finger print 512gb ssd 16gb win 10 t8tjg windows pro,w685,t8tjg,dell chromebook 11 3189 11.6 celeron n3060 4 gb 64 gb ssd t8tjg os
29,377,1,a1138,,lenovo thinkpad t470s windows 10 intel core i7 7600u 20gb 256gb nvme ssd 14 ips wqhd 2560x1440 ,w3327,,pcie lenovo thinkpad t460s windows 7 intel core i7 6600u 20gb 256gb nvme ssd 14 ips wqhd 2560x1440 
181,2700,0,a1879,v1h18ut#aba,hp elitebook 850 g3 pc v1h18ut#aba intel i5 6200u 8gb 256gb ssd 15.6 fhd win10 pro64 windows 7 professional,w921,v1h65ut#aba,hp zbook 15u g3 15.6 core i7 6500u 16 gb 512 gb ssd v1h65ut#aba windows 10 
327,4970,0,a2530,hp 15.6 hd laptop,hp 15.6 hd intel i3 kaby lake 8gb 2tb hdd 15.6 hd 1366x768 win 10 hp,w400,hp envy x360 15t fhd touch laptop,hp envy x360 convertible 15t fhd touch 2 1 tablet intel i7 32gb 1tb hdd 128gb ssd 15.6 fhd 1920 x 1080 touchscreen win 10 envy 15t microsoft windows
432,6642,0,a864,i5568 0463gry,dell i5568 0463gry 15.6 fhd 2 1 intel core i3 6100u 2.3ghz 4 gb 500 gb hdd windows 10 ,w36,i5368 1692gry,refurbished dell i5368 1692gry 13.3 fhd 2 1 intel core i3 6100u 2.3ghz 4 gb 1 tb hdd windows 10 i5368 1692gry
51,691,1,a1269,,lenovo thinkpad t470s windows 10 intel core i7 7600u 16gb 512gb ssd 14 ips wqhd 2560x1440 ,w3062,,lenovo thinkpad t460s windows 7 intel core i7 6600u 8gb 128gb ssd 14 ips fhd 1920x1080 
371,5761,0,a320,dell xps 13 9360 touch laptop,dell xps 13 9360 13.3 infinityedge touchscreen fhd 1920x1080 intel core i5 7200u 256gb nvme m.2 ssd 8gb windows 10 ,w400,hp envy x360 15t fhd touch laptop,hp envy x360 convertible 15t fhd touch 2 1 tablet intel i7 32gb 1tb hdd 128gb ssd 15.6 fhd 1920 x 1080 touchscreen win 10 envy 15t microsoft windows
399,6196,1,a57,t8tjg,apple 13.3 macbook air 128gb ssd #mqd32ll a 2017 starter bundle t8tjg x,w3539,,apple 13.3 macbook air 128gb ssd #mqd32ll a 2017 frosted orange bundle 
217,3255,1,a1995,,lenovo thinkpad t470s windows 7 intel core i5 6300u 20gb 512gb ssd 14 ips fhd 1920x1080 professional,w3252,,lenovo thinkpad t460s windows 10 intel core i7 6600u 12gb 512gb ssd 14 ips wqhd 2560x1440 
440,6764,0,a893,t8tjg,acer intel core i5 7200u 8 gb ddr4 256 gb ssd nvidia geforce 940mx full hd 17.3 1080p windows 10 t8tjg,w685,t8tjg,dell chromebook 11 3189 11.6 celeron n3060 4 gb 64 gb ssd t8tjg os
27,372,1,a1138,,lenovo thinkpad t470s windows 10 intel core i7 7600u 20gb 256gb nvme ssd 14 ips wqhd 2560x1440 ,w3318,,pcie touch lenovo thinkpad t460s windows 7 intel core i7 6600u 20gb 512gb nvme ssd 14 ips fhd 1920x1080 touchscreen 
2,30,1,a102,c300sa dh02,asus chromebook c300sa compact 13.3 intel celeron 4gb 16gb emmc asus c300sa dh02,w1746,c300sa dh02,c300sa dh02 cel n3060 4gb 16gb 13.3in chrome asus chrome
232,3479,1,a1997,,lenovo thinkpad t460s windows 10 intel core i7 6600u 8gb 256gb ssd 14 ips fhd 1920x1080 ,w3234,,lenovo thinkpad t460s windows 8.1 intel core i7 6600u 12gb 256gb ssd 14 ips wqhd 2560x1440 
406,6240,1,a621,tp401ca dhm6t,asus vivobook flip 14 tp401ca dhm6t 14” lightweight 2 1 hd touchscreen intel core m3 7y30 2.6ghz 4gb lpddr3 128gb emmc windows 10 asus,w116,tp401na wh21t,used like asus vivobook flip 14 2 1 hd touchscreen intel quad core pentium n4200 2.5ghz 4gb 64gb emmc windows 10 tp401na wh21t microsoft
156,2342,0,a173,dell xps 13 9360 touch laptop,dell xps 13 9360 13.3 infinityedge touchscreen fhd 1920x1080 intel quad core i5 8250u 256gb nvme m.2 ssd 8gb windows 10 ,w383,hp envy x360 15t fhd touch laptop,hp envy x360 convertible 15t fhd touch 2 1 tablet intel i7 32gb 1tb hdd 128gb ssd 15.6 fhd 1920 x 1080 touchscreen win 10 envy 15t microsoft windows
301,4687,1,a2439,,lenovo thinkpad t470s windows 10 intel core i7 7600u 12gb 512gb ssd 14 ips fhd 1920x1080 ,w3283,,lenovo thinkpad t460s touch windows 8.1 intel core i7 6600u 20gb 512gb ssd 14 ips fhd 1920x1080 touchscreen 
425,6535,1,a8,x7s52ua#aba,hp 14 stream intel celeron n3060 4gb 32gb emmc 1 office 365 hdmi x7s52ua#aba windows 10,w2000,x7s45ua#aba,hp stream 14 ax020nr 14 windows 10 office 365 1 intel celeron n3060 4gb 32gb emmc x7s45ua#aba
235,3546,1,a1997,,lenovo thinkpad t460s windows 10 intel core i7 6600u 8gb 256gb ssd 14 ips fhd 1920x1080 ,w3345,,lenovo thinkpad t460s windows 7 intel core i7 6600u 8gb 1tb ssd 14 ips wqhd 2560x1440 
311,4770,1,a2439,,lenovo thinkpad t470s windows 10 intel core i7 7600u 12gb 512gb ssd 14 ips fhd 1920x1080 ,w3417,,pcie touch lenovo thinkpad t460s windows 10 intel core i7 6600u 20gb 1tb nvme ssd 14 ips fhd 1920x1080 touchscreen 
138,1942,1,a1672,hp pavilion 15 au067cl,hp pavilion 15.6 touchscreen intel i5 6200u 8gb ddr4 1tb hdd 802.11ac b&o windows 10 15 au067cl,w794,hp pavilion 15t,2016 hp pavilion 15t 15.6 fhd touchscreen intel i5 8gb 512gb ssd 15.6 fhd 1920 x 1080 touchscreen windows 10 microsoft
212,3178,1,a1995,,lenovo thinkpad t470s windows 7 intel core i5 6300u 20gb 512gb ssd 14 ips fhd 1920x1080 professional,w3092,,lenovo thinkpad t460s touch windows 10 intel core i7 6600u 12gb 256gb ssd 14 ips fhd 1920x1080 touchscreen 
104,1478,0,a1361,1bs51ut#aba,hp elitebook 850 g4 15.6 windows intel core i7 2.7 ghz 8 gb 256 gb ssd 1bs51ut#aba 10 pro,w155,1bs68ut#aba,hp probook x360 11 g1 education 11.6 celeron n3350 4 gb 128 gb ssd 1bs68ut#aba unknown
316,4830,1,a2470,pt581u 003012,toshiba pt581u 003012 tecra a50 d1532 intel core i5 7200u 2.5 ghz ddr4 sdram 8 gb 2 unknown,w2366,pt581u 003012,toshiba tecra a50 d1532 15.6 core i5 7200u 8 gb 256 gb ssd pt581u 003012 windows 10
312,4773,1,a2439,,lenovo thinkpad t470s windows 10 intel core i7 7600u 12gb 512gb ssd 14 ips fhd 1920x1080 ,w3422,,pcie lenovo thinkpad t460s windows 7 intel core i7 6600u 20gb 1tb nvme ssd 14 ips wqhd 2560x1440 
317,4872,1,a2490,hp envy x360 15t ash silver,hp envy x360 15t 2 1 convertible pc amd 7th gen quad core fx 9800p apu amd radeon r7 16gb 512gb ssd 15.6 fhd 1920 x 1080 touchscreen win10 ash hp x360 15t,w398,hp 15 02336 x360 fhd me12,hp envy x360 15t 2 1 convertible pc amd 7th gen quad core fx 9800p apu amd radeon r7 32gb 1tb hdd 512gb ssd 15.6 fhd 1920 x 1080 touchscreen win10 ash hp 15 02336 x360 fhd me12 microsoft windows
215,3230,1,a1995,,lenovo thinkpad t470s windows 7 intel core i5 6300u 20gb 512gb ssd 14 ips fhd 1920x1080 professional,w3204,,lenovo thinkpad t460s touch windows 10 intel core i7 6600u 20gb 128gb ssd 14 ips fhd 1920x1080 touchscreen 
347,5340,1,a2780,pavilion,cuk hp pavilion 15 power intel quad core i7 7700hq 32gb ddr4 512gb nvme ssd 1tb nvidia gtx 1050 4gb 15.6 full hd windows 10 upgrade king x64 bit,w1578,hp pavilion 15t t9y85av,hp pavilion 15t full hd touchscreen intel i7 quad core 16gb nvidia geforce 960m 2tb hdd 512gb ssd 15.6 fhd 1920 x 1080 touchscreen windows 10 t9y85av 
189,2831,1,a1919,,lenovo thinkpad t470s windows 10 intel core i7 7500u 16gb 512gb ssd 14 ips fhd 1920x1080 ,w3189,,lenovo thinkpad t460s windows 10 intel core i7 6600u 20gb 128gb ssd 14 ips fhd 1920x1080 
254,3923,0,a2139,1fx41ut#aba,hp elitebook 820 g4 12.5 windows intel core i7 2.7 ghz 16 gb 256 gb ssd 1fx41ut#aba 10 pro,w1826,1fx82ut#aba,new hp chromebook 11 g5 ee 11.6 lcd chromebook intel celeron n3060 dual core 2 core 1.60 ghz 4 gb 16 gb chrome 1fx82ut#aba
214,3215,1,a1995,,lenovo thinkpad t470s windows 7 intel core i5 6300u 20gb 512gb ssd 14 ips fhd 1920x1080 professional,w3189,,lenovo thinkpad t460s windows 10 intel core i7 6600u 20gb 128gb ssd 14 ips fhd 1920x1080 
204,3075,1,a1951,x9v21ut#aba,x2 210 atm 1.44 10.1 4gb 128gb hp x9v21ut#aba windows professional,w917,x9v20ut#aba,hp x2 210 g2 10.1 atom x5 z8350 4 gb 64 gb ssd x9v20ut#aba windows
234,3517,1,a1997,,lenovo thinkpad t460s windows 10 intel core i7 6600u 8gb 256gb ssd 14 ips fhd 1920x1080 ,w3281,,lenovo thinkpad t460s touch windows 10 intel core i7 6600u 20gb 512gb ssd 14 ips fhd 1920x1080 touchscreen 
259,4069,1,a2252,p650hp6 g,prostar clevo p650hp6 g vr ready 15.6 fhd 120hz 5ms g sync intel core i7 7700hq 16gb ddr4 gtx 1060 256gb nvme ssd 1tb hdd windows 10 wi fi 1 prostar,w1412,n850hk1,prostar clevo n850hk1 15.6” full hd ips 1920x1080 intel core i7 7700hq 16gb ddr4 gtx 1050ti 1tb hdd windows 10 wi fi 1 n850hk1 microsoft 
67,891,0,a1280,2ua28ut#aba,smart probook 470 g5 2ua28ut#aba unknown,w928,2ue38ut#aba,elitebook x360 1020 g2 i5 7200u 8gb 256gb 12.5 windows 10 touch hp 2ue38ut#aba
24,295,1,a1138,,lenovo thinkpad t470s windows 10 intel core i7 7600u 20gb 256gb nvme ssd 14 ips wqhd 2560x1440 ,w3158,,lenovo thinkpad t460s windows 7 intel core i7 6600u 8gb 128gb ssd 14 ips wqhd 2560x1440 
216,3245,1,a1995,,lenovo thinkpad t470s windows 7 intel core i5 6300u 20gb 512gb ssd 14 ips fhd 1920x1080 professional,w3237,,lenovo thinkpad t460s windows 7 intel core i7 6600u 12gb 128gb ssd 14 ips wqhd 2560x1440 
223,3400,1,a1997,,lenovo thinkpad t460s windows 10 intel core i7 6600u 8gb 256gb ssd 14 ips fhd 1920x1080 ,w3088,,lenovo thinkpad t460s windows 10 intel core i7 6600u 12gb 128gb ssd 14 ips fhd 1920x1080 
129,1827,1,a1594,hp envy x360 15t ash silver,hp envy x360 15t 2 1 convertible pc amd 7th gen quad core fx 9800p apu amd radeon r7 32gb 1tb hdd 512gb ssd 15.6 fhd 1920 x 1080 touchscreen win10 ash hp x360 15t,w760,hp envy 15t fhd touch,newest hp envy 15t pc full hd touchscreen intel i7 8 gb 1tb hdd 128 gb ssd 15.6 fhd 1920 x 1080 touchscreen windows 10 
111,1530,1,a1400,lenovo thinkpad p51 workstation,lenovo thinkpad p51 15.6 intel i7 quad core 32gb 1tb ssd 15.6 fhd 1920x1080 ips nvidia quadro m1200m win 10 windows 64 bit,w2948,len 15 01217 p71me4,lenovo thinkpad p51s 15.6 intel i7 8gb 240gb ssd 15.6 fhd 1920x1080 ips nvidia quadro m520m win 10 len 15 01217 p71me4 microsoft windows
166,2523,1,a1791,,hp envy x360 15z yoga 2 1 convertible amd ryzen 5 quad core apu radeon vega 8 16gb 512gb ssd 15.6 fhd 1920x1080 touchscreen win 10 windows,w434,hp 15 02395 fhd me28,hp envy x360 15z yoga 2 1 convertible amd ryzen 5 quad core apu radeon vega 8 32gb 2tb hdd 1tb ssd 15.6 fhd 1920x1080 touchscreen win 10 hp 15 02395 fhd me28 microsoft windows
355,5463,1,a2794,,lenovo thinkpad t470s windows 10 intel core i7 7500u 16gb 516gb nvme ssd 14 ips wqhd 2560x1440 ,w3329,,pcie lenovo thinkpad t460s windows 8.1 intel core i7 6600u 20gb 256gb nvme ssd 14 ips wqhd 2560x1440 
40,505,0,a1164,t8tjg,dell inspiron 2 1 13.3 touch intel core i5 7200u 8gb 256gb solid state dell t8tjg windows 10,w685,t8tjg,dell chromebook 11 3189 11.6 celeron n3060 4 gb 64 gb ssd t8tjg os
445,6835,1,a949,17 bs010nr,hp 17 intel pentium n3710 4gb 1tb windows 10 17 bs010nr ,w2018,1kv29ua#aba,hp 17 bs010nr 17.3 windows 10 intel pentium n3710 quad core 4gb 1tb 1kv29ua#aba
79,1016,0,a1329,n870hp6,prostar clevo n870hp6 17.3” full hd ips intel core i7 7700hq 32gb ddr4 gtx 1060 500gb ssd 1tb hdd windows 10 wi fi 1 prostar,w1590,p650hp6 g,prostar clevo p650hp6 g vr ready 15.6 fhd ips g sync intel core i7 7700hq 16gb ddr4 gtx 1060 256gb ssd 1tb hdd windows 10 wi fi 1 p650hp6 g microsoft 
283,4437,1,a2398,,hp 15z touchscreen 15.6 amd dual core a6 9220 apu amd radeon r4 16gb 1tb hdd 15.6 hd sva wled touch 1366 x 768 windows 10 michaelelectronics2,w1232,hp 15 02344 hd me5,hp 15z touchscreen 15.6 amd dual core a6 9220 apu amd radeon r4 16gb 120gb ssd 15.6 hd sva wled touch 1366 x 768 windows 10 hp 15 02344 hd me5 microsoft
411,6289,1,a656,xn8kf,dell xn8kf latitude 3580 15.6 hd intel core i3 7100u 4gb ddr4 500gb windows 10 ,w2265,lati35802t78m,dell latitude 3580 15.6 hd intel core i5 7200u 8gb ddr4 128gb solid state windows 10 lati35802t78m
13,159,0,a1099,t8tjg,2017 dell inspiron 17.3 2 1 fhd ips touchscreen intel dual core i7 7500u 2.7ghz 16gb ddr4 512gb ssd 2gb nvidia geforce 940mx maxxaudio win 10 t8tjg windows 64 bit,w685,t8tjg,dell chromebook 11 3189 11.6 celeron n3060 4 gb 64 gb ssd t8tjg os
397,6178,1,a560,lenovo thinkpad p51s workstation,lenovo thinkpad p51s 15.6 intel i7 16gb 512gb ssd 15.6 fhd 1920x1080 ips nvidia quadro m520m win 10 ,w3484,len 15 01217 p71me14,lenovo thinkpad p51s 15.6 intel i7 32gb 4tb ssd 15.6 fhd 1920x1080 ips nvidia quadro m520m win 10 len 15 01217 p71me14 microsoft windows
444,6827,1,a944,20fh001tus,lenovo thinkpad t560 20fh001tus 15.6 intel core i7 6600u 8gb 256gb ssd windows 7 ,w2950,20fh0020us,lenovo thinkpad t560 15.6 core i5 6300u 4 gb 256 gb ssd 20fh0020us windows 7
228,3446,1,a1997,,lenovo thinkpad t460s windows 10 intel core i7 6600u 8gb 256gb ssd 14 ips fhd 1920x1080 ,w3186,,lenovo thinkpad t460s windows 7 intel core i7 6600u 20gb 256gb ssd 14 ips fhd 1920x1080 
161,2445,0,a1753,i5379 7923gry pus,dell inspiron 2 1 13.3 touch intel core i7 8gb 256gb ssd usa i5379 7923gry pus windows 10,w635,i5579 7746gry pus,dell inspiron 15 5000 2 1 15.6 fhd intel core i7 8550u 8gb 2400mhz ddr4 256 gb ssd intel uhd 620 i5579 7746gry pus windows 10 english
83,1113,1,a1347,,lenovo thinkpad t470s windows 10 intel core i7 7600u 20gb 512gb ssd 14 ips fhd 1920x1080 ,w3052,20bu00cuus,lenovo thinkpad t460s windows 10 intel core i7 6600u 8gb 128gb ssd 14 ips fhd 1920x1080 20bu00cuus
447,6851,1,a952,nx.g15aa.001,acer cb3 531 c4a5 15.6 chromebook celeron n2830 2.16 ghz 2 gb 16 gb ssd textured granite nx.g15aa.001 os,w1978,nx.g15aa.001,acer granite 15.6 cb3 531 c4a5 chromebook pc intel celeron n2830 dual core 2gb 16gb chrome nx.g15aa.001
424,6523,0,a782,w0s06ut#aba,hp elitebook g1 w0s06ut 12.5 intel core m5 6y548gb 256 gb win 10 w0s06ut#aba windows edition,w2319,w0s98ut#aba,hp 250 g5 15.6 core i5 6200u 4 gb 500 gb hdd w0s98ut#aba windows 10
110,1525,0,a1396,thinkpad p51,lenovo thinkpad p51 touch windows 10 intel quad core i7 7700hq 16gb 1tb ssd 15.6 fhd ips 1920x1080 touchscreen nvidia quadro m1200m 4gb gpu thinkpad,w2599,thinkpad,refurbished lenovo thinkpad t430 i5 2.6ghz 8gb 240ssd windows 10 64 cam 
149,2114,1,a1728,,lenovo thinkpad t470s windows 10 intel core i7 6600u 8gb 256gb ssd 14 ips fhd 1920x1080 ,w3139,,lenovo thinkpad t460s windows 8.1 intel core i7 6600u 8gb 512gb ssd 14 ips fhd 1920x1080 
152,2225,1,a1728,,lenovo thinkpad t470s windows 10 intel core i7 6600u 8gb 256gb ssd 14 ips fhd 1920x1080 ,w3313,,pcie lenovo thinkpad t460s windows 7 intel core i7 6600u 20gb 512gb nvme ssd 14 ips fhd 1920x1080 
16,192,0,a1113,md231ll a,apple macbook air md231ll a 13.3 md231ll a x v10.8 mountain lion,w3782,mc968ll a,apple macbook air mc968ll a 11.6 x 10.7 lion
352,5416,1,a2794,,lenovo thinkpad t470s windows 10 intel core i7 7500u 16gb 516gb nvme ssd 14 ips wqhd 2560x1440 ,w3232,,lenovo thinkpad t460s windows 10 intel core i7 6600u 12gb 256gb ssd 14 ips wqhd 2560x1440 
109,1518,0,a1391,dell,2018 dell inspiron 15 5000 5577 15.6 fhd 1080p intel core i5 7300hq 2.5ghz 16gb 256gb ssd 1tb hdd nvidia gtx 1050 4gb windows 10 dell,w4377,dell,refurbished dell latitude e6410 w7 14.1 intel i5 520m dual core 2.4ghz 4gb 160gb dvdâ±rw intel microsoft windows
318,4882,1,a2490,hp envy x360 15t ash silver,hp envy x360 15t 2 1 convertible pc amd 7th gen quad core fx 9800p apu amd radeon r7 16gb 512gb ssd 15.6 fhd 1920 x 1080 touchscreen win10 ash hp x360 15t,w804,hp envy 15t fhd touch,newest hp envy 15t pc full hd touchscreen intel i7 32gb 1tb hdd 1tb ssd 15.6 fhd 1920 x 1080 touchscreen windows 10 
139,1979,0,a17,nx.gc2aa.007,acer chromebook 14 14 full hd intel celeron quad core n3160 4gb lpddr3 32gb chrome cb3 431 c5fm nx.gc2aa.007,w2053,nx.gkkaa.007,acer swift 3 sf314 51 398b 14 windows 10 intel core i3 7100u 4gb 128gb solid state nx.gkkaa.007 microsoft
237,3564,1,a1997,,lenovo thinkpad t460s windows 10 intel core i7 6600u 8gb 256gb ssd 14 ips fhd 1920x1080 ,w3373,,lenovo thinkpad t460s touch windows 8.1 intel core i7 6600u 20gb 1tb ssd 14 ips fhd 1920x1080 touchscreen 
260,4070,1,a2252,p650hp6 g,prostar clevo p650hp6 g vr ready 15.6 fhd 120hz 5ms g sync intel core i7 7700hq 16gb ddr4 gtx 1060 256gb nvme ssd 1tb hdd windows 10 wi fi 1 prostar,w1415,n855hj,prostar clevo n855hj 15.6” full hd 1920x1080 intel core i7 7700hq 8gb ddr4 gtx 1050 128gb ssd 1tb hdd windows 10 wi fi 1 n855hj microsoft 
367,5690,0,a2944,nx.gswaa.001,17.3 ci58250 8g 1tb w10 acer nx.gswaa.001 unknown,w2431,nx.gjzaa.001,acer aspire f 15 f5 573 55w1 15.6 core i5 7200u 8 gb 1 tb hdd us nx.gjzaa.001 windows 10
361,5558,0,a2804,80xc0003us,lenovo ideapad 720s 14 fhd ips intel core i7 7500u 16gb 512gb ssd windows 10 80xc0003us ,w1838,80ys0003us,refurbished lenovo n23 80ys0003us chromebook pc intel celeron n3060 1.6 ghz dual core 4 gb lpddr3 sdram 16 gb 11.6 chrome 
248,3810,1,a2104,,lenovo thinkpad x1 carbon 4 windows 7 intel core i5 6200u 512gb ssd 8gb 14 fhd ips 1920x1080 intel hd 520 ,w3055,,lenovo thinkpad x1 carbon 4 windows 7 intel core i5 6200u 1tb ssd 8gb 14 fhd ips 1920x1080 intel hd 520 
348,5341,1,a2780,pavilion,cuk hp pavilion 15 power intel quad core i7 7700hq 32gb ddr4 512gb nvme ssd 1tb nvidia gtx 1050 4gb 15.6 full hd windows 10 upgrade king x64 bit,w1610,hp pavilion 15t t9y85av,hp pavilion 15t full hd touchscreen intel i7 quad core 16gb nvidia geforce 960m 2tb hdd 1tb ssd 15.6 fhd 1920 x 1080 touchscreen windows 10 t9y85av 
19,232,1,a112,xps9360 1718slv,dell xps9360 1718slv 13.3 7th gen intel core i5 8gb 128 gb ssd machined back & base windows 10,w738,xps9360 7697slv,dell xps 13 9360 intel i7 7560u 16gb 512gb ssd xps9360 7697slv windows 10
269,4227,1,a2294,n850hk1,prostar clevo n850hk1 15.6” full hd ips 1920x1080 intel core i7 7700hq 16gb ddr4 gtx 1050ti 120gb ssd 1tb hdd windows 10 wi fi 1 prostar,w1583,n850hp6,prostar clevo n850hp6 15.6” fhd ips 1920x1080 intel core i7 7700hq 16gb ddr4 gtx 1060 512gb nvme ssd 1tb hdd windows 10 wi fi 1 n850hp6 microsoft
226,3428,1,a1997,,lenovo thinkpad t460s windows 10 intel core i7 6600u 8gb 256gb ssd 14 ips fhd 1920x1080 ,w3156,,lenovo thinkpad t460s windows 8.1 intel core i7 6600u 8gb 256gb ssd 14 ips wqhd 2560x1440 
346,5318,0,a2750,dell,2018 dell inspiron 15 5000 5577 15.6 fhd intel core i5 7300hq 2.5ghz 16gb 256gb ssd 1tb hdd nvidia gtx 1050 4gb windows 10 dell,w4377,dell,refurbished dell latitude e6410 w7 14.1 intel i5 520m dual core 2.4ghz 4gb 160gb dvdâ±rw intel microsoft windows
3,44,1,a1031,a515 51 596k,acer 15.6 intel core i5 3.40ghz 8gb 256gb ssd windows 10 a515 51 596k home,w4581,nx.gnpaa.016,refurbished acer aspire 3 intel core i5 2.5 ghz 8gb 256 gb ssd windows 10 nx.gnpaa.016
315,4825,1,a2454,prt12u 00r002,toshiba prt12u 00r002 portege x20w d1252 intel core i5 7200u 2.5 ghz lpddr3 8 gb 25 unknown,w800,prt12u 00r002,toshiba portégé x20w d1252 12.5 core i5 7200u 8 gb 256 gb ssd prt12u 00r002 windows 10
125,1769,1,a1563,lenovo thinkpad p51s workstation,lenovo thinkpad p51s 15.6 intel i7 8gb 500gb hdd 15.6 fhd 1920x1080 ips nvidia quadro m520m win 10 ,w2958,len 15 01217 p71me5,lenovo thinkpad p51s 15.6 intel i7 16gb 240gb ssd 15.6 fhd 1920x1080 ips nvidia quadro m520m win 10 len 15 01217 p71me5 microsoft windows
280,4410,1,a2369,n850hk1,prostar clevo n850hk1 15.6” full hd ips 1920x1080 intel core i7 7700hq 8gb ddr4 gtx 1050ti 120gb ssd windows 10 wi fi 1 prostar,w1618,p650hp6 g,prostar clevo p650hp6 g vr ready 15.6 fhd ips g sync intel core i7 7700hq 32gb ddr4 gtx 1060 512gb ssd 1tb hdd windows 10 wi fi 1 p650hp6 g microsoft 
286,4470,1,a2426,20fcs5f100,lenovo thinkpad x1 carbon 4 20fc intel core i5 6300u 256gb ssd 8gb 14 fhd ips 1920x1080 ac wifiwindows 7 win 10 20fcs5f100,w2951,,lenovo thinkpad x1 carbon 4 windows 7 intel core i5 6200u 256gb ssd 8gb 14 fhd ips 1920x1080 intel hd 520 
77,986,0,a1329,n870hp6,prostar clevo n870hp6 17.3” full hd ips intel core i7 7700hq 32gb ddr4 gtx 1060 500gb ssd 1tb hdd windows 10 wi fi 1 prostar,w1544,n850hk1,prostar clevo n850hk1 15.6” fhd ips 1920x1080 intel core i7 7700hq 16gb ddr4 gtx 1050ti 120gb ssd 1tb hdd windows 10 wi fi 1 n850hk1 microsoft
184,2734,1,a1889,1bs54ut#aba,hp elitebook 850 g4 15.6 windows intel core i7 2.8 ghz 16 gb 256 gb ssd 1bs54ut#aba 10 edition,w941,1bs50ut#aba,hp elitebook 850 g4 15.6 core i5 7300u 8 gb 256 gb ssd 1bs50ut#aba windows 10
340,5270,1,a2713,80wk001jus,lenovo legion y520 15.6 7th intel i7 1tb hdd 8gb ddr4 windows 10 nvidia geforce gtx 1050 ti 80wk001jus unknown,w2487,80wk001jus,lenovo legion y520 15ikbn 15.6 core i7 7700hq 8 gb 1 tb hdd 80wk001jus windows 10
428,6587,0,a826,nx.gqgaa.002,acer swift 3 sf314 52 517z 14 intel core i5 8250u 1.6ghz 8gb ddr4 onboard 256gb solid state microsoft windows 10 nx.gqgaa.002 unknown,w138,nx.gp7aa.002,acer r5 2 1 intel i5 7200u 8gb 256gb ssd nx.gp7aa.002 windows 10
275,4323,1,a2361,p950hp6,prostar clevo p950hp6 15.6 full hd ips intel core i7 7700hq 32gb ddr4 gtx 1060 500gb ssd 1tb hdd windows 10 wi fi 1 prostar,w1581,n850hp6,prostar clevo n850hp6 15.6” fhd ips 1920x1080 intel core i7 7700hq 32gb ddr4 gtx 1060 250gb ssd 1tb hdd windows 10 wi fi 1 n850hp6 microsoft
294,4630,1,a2439,,lenovo thinkpad t470s windows 10 intel core i7 7600u 12gb 512gb ssd 14 ips fhd 1920x1080 ,w3204,,lenovo thinkpad t460s touch windows 10 intel core i7 6600u 20gb 128gb ssd 14 ips fhd 1920x1080 touchscreen 
392,6139,1,a519,mmgl2ll a,apple macbook mmgl2ll a 12 retina rose 256 gb x,w3698,mmgl2ll a,refurbished apple macbook 12 core m3 2016 [1.1] [256gb] [8gb] rose mmgl2ll a x 10.10
182,2715,1,a1887,hp pavilion 15t power acid green nb,hp pavilion 15t power intel i7 quad core 32gb nvidia geforce 1050 2tb hdd 512gb ssd 15.6 full hd 1920 x 1080 touch win 10 acid green hp acid nb windows,w1455,hp pavilion 15t,2016 hp pavilion 15t 15.6 fhd touchscreen intel i5 16gb 240gb ssd 15.6 fhd 1920 x 1080 touchscreen windows 10 microsoft
403,6226,0,a597,dell,2018 dell inspiron 15 7000 7567 15.6 fhd intel core i5 7300hq 2.5ghz 32gb 256gb ssd 1tb hdd nvidia gtx 1050 ti 4gb windows 10 computers dell,w2322,dell,refurbished dell e7240 256gb solid state 16gb core i7 2.1ghz windows 10 grade b 
80,1050,1,a1336,p950hr,prostar clevo p950hr 15.6 full hd ips intel core i7 7700hq 32gb ddr4 gtx 1070 max q 512gb nvme ssd 1tb hdd windows 10 wi fi 1 prostar,w1501,n850hp6,prostar clevo n850hp6 15.6” fhd ips 1920x1080 intel core i7 7700hq 32gb ddr4 gtx 1060 250gb ssd windows 10 wi fi 1 n850hp6 microsoft
307,4760,1,a2439,,lenovo thinkpad t470s windows 10 intel core i7 7600u 12gb 512gb ssd 14 ips fhd 1920x1080 ,w3405,,pcie lenovo thinkpad t460s windows 7 intel core i7 6600u 20gb 512gb nvme ssd 14 ips wqhd 2560x1440 
258,3993,1,a2216,n855hj,prostar clevo n855hj 15.6 fhd 1920x1080 intel core i7 7700hq 8gb ddr4 gtx 1050 120gb ssd windows 10 wi fi 1 prostar,w1426,n855hj,prostar clevo n855hj 15.6” full hd 1920x1080 intel core i7 7700hq 16gb ddr4 gtx 1050 1tb hdd windows 10 wi fi 1 n855hj microsoft 
11,131,1,a1047,n850hp6,prostar clevo n850hp6 15.6” fhd ips 1920x1080 intel core i7 7700hq 16gb ddr4 gtx 1060 120gb ssd 1tb hdd windows 10 wi fi 1 prostar,w1618,p650hp6 g,prostar clevo p650hp6 g vr ready 15.6 fhd ips g sync intel core i7 7700hq 32gb ddr4 gtx 1060 512gb ssd 1tb hdd windows 10 wi fi 1 p650hp6 g microsoft 
426,6541,0,a8,x7s52ua#aba,hp 14 stream intel celeron n3060 4gb 32gb emmc 1 office 365 hdmi x7s52ua#aba windows 10,w702,x7q92ua#aba,hp pavilion touchscreen 2 1 convertible 15.6 hd intel core i5 7200u dc 8gb rammemory 500gb 8gb ssd hd b&o windows 10 x7q92ua#aba microsoft
86,1130,1,a1347,,lenovo thinkpad t470s windows 10 intel core i7 7600u 20gb 512gb ssd 14 ips fhd 1920x1080 ,w3084,,lenovo thinkpad t460s touch windows 10 intel core i7 6600u 12gb 128gb ssd 14 ips fhd 1920x1080 touchscreen 
266,4120,1,a2252,p650hp6 g,prostar clevo p650hp6 g vr ready 15.6 fhd 120hz 5ms g sync intel core i7 7700hq 16gb ddr4 gtx 1060 256gb nvme ssd 1tb hdd windows 10 wi fi 1 prostar,w1603,p650hp6 g,prostar clevo p650hp6 g vr ready 15.6 fhd ips g sync intel core i7 7700hq 16gb ddr4 gtx 1060 512gb ssd 1tb hdd windows 10 wi fi 1 p650hp6 g microsoft 
36,441,1,a1138,,lenovo thinkpad t470s windows 10 intel core i7 7600u 20gb 256gb nvme ssd 14 ips wqhd 2560x1440 ,w3441,,pcie lenovo thinkpad t460s windows 8.1 intel core i7 6600u 8gb 2tb nvme ssd 14 ips wqhd 2560x1440 
431,6630,1,a856,w2l54ua,flagship hp 15.6 hd intel i5 2.8ghz 8gb 1tb hdd usb 3.0 hdmi win 10 w2l54ua windows,w2220,w2l54ua#aba,hp pavilion 15 au020wm 15.6 manhattan windows 10 intel core i5 6200u 8gb 1tb w2l54ua#aba
58,730,1,a1269,,lenovo thinkpad t470s windows 10 intel core i7 7600u 16gb 512gb ssd 14 ips wqhd 2560x1440 ,w3161,,pcie lenovo thinkpad t460s windows 10 intel core i7 6600u 12gb 256gb nvme ssd 14 ips fhd 1920x1080 
41,519,1,a1166,nx.gr7aa.007,acer intel core i5 1.60 ghz 8 gb 256 gb ssd windows 10 nx.gr7aa.007,w4539,nx.gtsaa.005,refurbished acer intel core i5 1.60 ghz 8 gb 256 gb ssd windows 10 nx.gtsaa.005
270,4239,1,a2294,n850hk1,prostar clevo n850hk1 15.6” full hd ips 1920x1080 intel core i7 7700hq 16gb ddr4 gtx 1050ti 120gb ssd 1tb hdd windows 10 wi fi 1 prostar,w1618,p650hp6 g,prostar clevo p650hp6 g vr ready 15.6 fhd ips g sync intel core i7 7700hq 32gb ddr4 gtx 1060 512gb ssd 1tb hdd windows 10 wi fi 1 p650hp6 g microsoft 
50,659,1,a1249,p650hs g,prostar clevo p650hs g vr ready 15.6 120hz 5ms w nvidia g sync intel core i7 7700hq 32gb ddr4 gtx 1070 512gb ssd 1tb hdd wi fi 1 prostar windows,w1612,p650hp6 g,prostar clevo p650hp6 g vr ready 15.6 fhd ips g sync intel core i7 7700hq 32gb ddr4 gtx 1060 256gb nvme ssd 1tb hdd windows 10 wi fi 1 p650hp6 g microsoft 
209,3107,1,a1979,hp pavilion,2018 hp pavilion 15.6 fhd ips intel quad core i7 8550u 16gb ddr4 1tb ssd 4gb nvidia geforce 940mx b&o usb c win 10 windows 64 bit,w1614,hp pavilion 15t t9y85av,hp pavilion 15t full hd touchscreen intel i7 quad core 32gb nvidia geforce 960m 2tb hdd 512gb ssd 15.6 fhd 1920 x 1080 touchscreen windows 10 t9y85av 
377,5880,0,a389,,lenovo thinkpad x1 carbon 4 windows 10 intel core i7 6600u 512gb ssd 16gb 14 wqhd ips 2560x1440 intel hd 520 ,w3234,,lenovo thinkpad t460s windows 8.1 intel core i7 6600u 12gb 256gb ssd 14 ips wqhd 2560x1440 
357,5501,1,a2794,,lenovo thinkpad t470s windows 10 intel core i7 7500u 16gb 516gb nvme ssd 14 ips wqhd 2560x1440 ,w3399,,lenovo thinkpad t460s windows 8.1 intel core i7 6600u 20gb 1tb ssd 14 ips wqhd 2560x1440 
374,5844,1,a389,,lenovo thinkpad x1 carbon 4 windows 10 intel core i7 6600u 512gb ssd 16gb 14 wqhd ips 2560x1440 intel hd 520 ,w3078,,lenovo thinkpad x1 carbon 4 windows 8.1 intel core i7 6600u 256gb nvme ssd 16gb 14 fhd ips 1920x1080 intel hd 520 
123,1758,0,a1553,nx.gpnaa.002,acer swift 1 sf113 31 p6xp 13.3 lcd intel pentium n4200 quad core 4 core 1.10 ghz 4 gb ddr3l sdram 64 gb flas nx.gpnaa.002 unknown,w604,nx.gptaa.002,acer chromebook 15 cb515 1ht p39b pentium n4200 1.1 ghz chrome 4 gb 32 gb emmc 15.6 ips touchscreen 1920 x 1080 full hd hd 505 wi fi pure kbd us nx.gptaa.002
222,3392,1,a1997,,lenovo thinkpad t460s windows 10 intel core i7 6600u 8gb 256gb ssd 14 ips fhd 1920x1080 ,w3080,,lenovo thinkpad t460s windows 10 intel core i7 6600u 12gb 256gb ssd 14 ips fhd 1920x1080 
62,844,1,a1269,,lenovo thinkpad t470s windows 10 intel core i7 7600u 16gb 512gb ssd 14 ips wqhd 2560x1440 ,w3387,,pcie lenovo thinkpad t460s windows 10 intel core i7 6600u 12gb 1tb nvme ssd 14 ips fhd 1920x1080 
354,5423,1,a2794,,lenovo thinkpad t470s windows 10 intel core i7 7500u 16gb 516gb nvme ssd 14 ips wqhd 2560x1440 ,w3242,,pcie lenovo thinkpad t460s windows 8.1 intel core i7 6600u 12gb 512gb nvme ssd 14 ips fhd 1920x1080 
130,1834,1,a1601,hp pavilion 15t,2018 hp pavilion 15t 15.6 full hd ips touchscreen intel quad core i7 8550u 4ghz 12gb ddr4 1tb hdd hdmi hd usb c windows 10 64 bit,w1429,hp pavilion 15t t9y85av,hp pavilion 15t uhd 4k touchscreen intel i7 quad core 32gb nvidia geforce 960m 512gb ssd 15.6 uhd 3840 x 2160 touchscreen windows 10 t9y85av 
187,2776,1,a1919,,lenovo thinkpad t470s windows 10 intel core i7 7500u 16gb 512gb ssd 14 ips fhd 1920x1080 ,w3082,,lenovo thinkpad t460s windows 8.1 intel core i7 6600u 12gb 256gb ssd 14 ips fhd 1920x1080 
23,288,1,a1138,,lenovo thinkpad t470s windows 10 intel core i7 7600u 20gb 256gb nvme ssd 14 ips wqhd 2560x1440 ,w3131,,pcie lenovo thinkpad t460s windows 7 intel core i7 6600u 8gb 256gb nvme ssd 14 ips fhd 1920x1080 
43,523,1,a1166,nx.gr7aa.007,acer intel core i5 1.60 ghz 8 gb 256 gb ssd windows 10 nx.gr7aa.007,w724,nx.gr7aa.002,spin 5 sp513 52n 5621 13.3 core i5 8250u 8 gb 256 gb ssd touch converight acer nx.gr7aa.002 windows 10
0,5,1,a0,nh.q28aa.001,acer predator helios 300 15.6 full hd intel core i7 7700hq 16gb ddr4 256gb ssd geforce gtx 1060 6gb vr ready kb g3 571 77qk nh.q28aa.001 windows,w2300,nh.q1caa.001,acer 15.6 intel core i7 2.6ghz 16 gb 1 tb hdd 256 gb ssd windows 10 g9 593 72vt nh.q1caa.001
201,2964,1,a1919,,lenovo thinkpad t470s windows 10 intel core i7 7500u 16gb 512gb ssd 14 ips fhd 1920x1080 ,w3388,,pcie touch lenovo thinkpad t460s windows 7 intel core i7 6600u 12gb 1tb nvme ssd 14 ips fhd 1920x1080 touchscreen 
384,6064,1,a478,nx.ge8aa.002,acer chromebook 14 cp5 471 35t4 nx.ge8aa.002 ,w700,nx.gl4aa.002,acer chromebook r 13 cb5 312t k0yq 13.3 mt8173 4 gb 64 gb ssd us nx.gl4aa.002
98,1398,1,a1356,,lenovo thinkpad x1 carbon 4 windows 10 intel core i7 6600u 1tb nvme ssd 16gb 14 wqhd ips 2560x1440 intel hd 520 ,w3021,,lenovo thinkpad x1 carbon 4 windows 10 intel core i7 6500u 512gb nvme ssd 8gb 14 fhd ips 1920x1080 intel hd 520 
304,4718,1,a2439,,lenovo thinkpad t470s windows 10 intel core i7 7600u 12gb 512gb ssd 14 ips fhd 1920x1080 ,w3347,,pcie lenovo thinkpad t460s windows 10 intel core i7 6600u 8gb 1tb nvme ssd 14 ips fhd 1920x1080 
437,6718,1,a888,,lenovo thinkpad x1 carbon 4 windows 10 intel core i7 6600u 1tb ssd 16gb 14 wqhd ips 2560x1440 intel hd 520 ,w3177,,lenovo thinkpad x1 carbon 4 windows 10 intel core i7 6600u 256gb ssd 16gb 14 wqhd ips 2560x1440 intel hd 520 
178,2633,1,a1838,,lenovo thinkpad x1 carbon 4 windows 10 intel core i7 6600u 1tb ssd 16gb 14 fhd ips 1920x1080 intel hd 520 ,w3179,,lenovo thinkpad x1 carbon 4 windows 7 intel core i7 6600u 256gb ssd 16gb 14 wqhd ips 2560x1440 intel hd 520 
256,3971,1,a2195,20h5009mus,lenovo thinkpad e570 15.6 fhd intel core i7 6500u 8gb ddr4 500gb hdd windows 10 20h5009mus professional,w2453,20h500a9us,lenovo thinkpad e570 15.6 core i5 7200u 8 gb 180 gb ssd 20h500a9us windows 10
94,1330,1,a1347,,lenovo thinkpad t470s windows 10 intel core i7 7600u 20gb 512gb ssd 14 ips fhd 1920x1080 ,w3407,,pcie lenovo thinkpad t460s windows 8.1 intel core i7 6600u 12gb 1tb nvme ssd 14 ips wqhd 2560x1440 
417,6368,0,a703,1bs53ut#aba,hp elitebook 850 g4 15.6 windows intel core i7 2.7 ghz 16 gb 512 gb ssd 1bs53ut#aba 10 edition,w155,1bs68ut#aba,hp probook x360 11 g1 education 11.6 celeron n3350 4 gb 128 gb ssd 1bs68ut#aba unknown
95,1336,1,a1347,,lenovo thinkpad t470s windows 10 intel core i7 7600u 20gb 512gb ssd 14 ips fhd 1920x1080 ,w3415,,pcie lenovo thinkpad t460s windows 7 intel core i7 6600u 20gb 1tb nvme ssd 14 ips fhd 1920x1080 
408,6264,0,a634,hp pavilion,2018 hp pavilion 14 wled hd intel dual core i5 7200u 3.1ghz 12gb ddr4 1tb hdd b&o 802.11ac hdmi usb c win 10 windows 64 bit,w1578,hp pavilion 15t t9y85av,hp pavilion 15t full hd touchscreen intel i7 quad core 16gb nvidia geforce 960m 2tb hdd 512gb ssd 15.6 fhd 1920 x 1080 touchscreen windows 10 t9y85av 
169,2533,1,a1799,hp pavilion,2018 hp 15.6 fhd 1080p intel core i7 7500u 3.5 ghz 12gb ddr4 256gb ssd no windows 10 pavilion,w1559,hp pavilion 15t t9y85av,hp pavilion 15t full hd touchscreen intel i7 quad core 16gb nvidia geforce 960m 2tb hdd 128gb ssd 15.6 fhd 1920 x 1080 touchscreen windows 10 t9y85av 
69,900,1,a1292,80xb0002us,lenovo flex 5 15.6 2 1 intel core i5 8 gb 256 gb ssd windows 10 80xb0002us home,w2638,80x50002us,lenovo 320s 15ikb 15.6 core i7 7500u 8 gb 1 tb hdd 80x50002us windows 10
305,4755,1,a2439,,lenovo thinkpad t470s windows 10 intel core i7 7600u 12gb 512gb ssd 14 ips fhd 1920x1080 ,w3400,,pcie lenovo thinkpad t460s windows 7 intel core i7 6600u 12gb 1tb nvme ssd 14 ips wqhd 2560x1440 
48,613,1,a122,i55677161gry,dell inspiron 15 5000 15.6 7th intel core i7 7500u 12gb 1tb windows 10 i55677161gry,w771,i55677291gry,dell inspiron 15 5567 i55677291gry windows 10
341,5274,1,a2717,,omen x hp 17.3 4k uhd pc intel i7 quad core 32gb 2tb ssd 17.3 3840x2160 nvidia geforce gtx 1080 win 10 vr ready windows,w1456,,hp omen 17 17.3 uhd 4k vr ready intel i7 quad core 4tb ssd 17.3 uhd 3840 x 2160 32gb geforce gtx 1070 win 10 microsoft windows
207,3093,0,a1968,asus vivobook,asus vivo book 15.6 1366 x 768 hd pc intel pentium n3700 quad core 1.60 ghz 4gb 500gb hdd windows 10 vivobook,w666,,hp 15.6 hd touchscreen pc intel pentium n3710 quad core 1.60 ghz 4gb 500gb hdd windows 10 
279,4378,1,a2369,n850hk1,prostar clevo n850hk1 15.6” full hd ips 1920x1080 intel core i7 7700hq 8gb ddr4 gtx 1050ti 120gb ssd windows 10 wi fi 1 prostar,w1553,n850hp6,prostar clevo n850hp6 15.6” fhd ips 1920x1080 intel core i7 7700hq 8gb ddr4 gtx 1060 120gb ssd 1tb hdd windows 10 wi fi 1 n850hp6 microsoft
227,3429,1,a1997,,lenovo thinkpad t460s windows 10 intel core i7 6600u 8gb 256gb ssd 14 ips fhd 1920x1080 ,w3157,,lenovo thinkpad t460s windows 10 intel core i7 6600u 8gb 128gb ssd 14 ips wqhd 2560x1440 
148,2111,1,a1728,,lenovo thinkpad t470s windows 10 intel core i7 6600u 8gb 256gb ssd 14 ips fhd 1920x1080 ,w3131,,pcie lenovo thinkpad t460s windows 7 intel core i7 6600u 8gb 256gb nvme ssd 14 ips fhd 1920x1080 
143,2084,0,a1728,,lenovo thinkpad t470s windows 10 intel core i7 6600u 8gb 256gb ssd 14 ips fhd 1920x1080 ,w3072,,lenovo thinkpad x1 carbon 4 windows 10 intel core i7 6600u 256gb ssd 16gb 14 fhd ips 1920x1080 intel hd 520 
334,5135,0,a2616,pa71hs g,prostar clevo pa71hs g 17.3” full hd ips g sync intel core i7 7700hq 16gb ddr4 gtx 1070 256gb nvme ssd 1tb hdd windows 10 wi fi 1 prostar,w1623,p650hp6 g,prostar clevo p650hp6 g vr ready 15.6 fhd ips g sync intel core i7 7700hq 32gb ddr4 gtx 1060 512gb nvme ssd 1tb hdd windows 10 wi fi 1 p650hp6 g microsoft 
180,2659,0,a1838,,lenovo thinkpad x1 carbon 4 windows 10 intel core i7 6600u 1tb ssd 16gb 14 fhd ips 1920x1080 intel hd 520 ,w3297,,lenovo thinkpad t460s windows 7 intel core i7 6600u 12gb 1tb ssd 14 ips fhd 1920x1080 
356,5485,1,a2794,,lenovo thinkpad t470s windows 10 intel core i7 7500u 16gb 516gb nvme ssd 14 ips wqhd 2560x1440 ,w3372,,pcie lenovo thinkpad t460s windows 7 intel core i7 6600u 12gb 512gb nvme ssd 14 ips wqhd 2560x1440 
131,1848,1,a1602,hp 17z laptop,hp 17z 17.3 hd touchscreen amd dual core a6 9220 apu amd radeon r4 16gb 1tb hdd 17.3inch touch 1600x900 wi fi windows 10 michaelelectronics2,w1235,hp 17 02340 hdt me7,hp 17z 17.3 hd touchscreen amd dual core a6 9220 apu amd radeon r4 8gb 1tb hdd 17.3inch touch 1600x900 wi fi windows 10 hp 17 02340 hdt me7 microsoft
420,6399,1,a712,20hb001vus,lenovo thinkpad p51s intel i7 7500u 16gb 512gb ssd 20hb001vus windows 10 pro,w2712,20hb001hus,lenovo thinkpad p51s 20hb001hus 15.6 lcd intel core i5 [7th gen] i5 7300u dual core [2 core] 2.60 ghz 4 gb ddr4 sdram 500 gb hdd windows 10 [english] microsoft 
448,6853,0,a952,nx.g15aa.001,acer cb3 531 c4a5 15.6 chromebook celeron n2830 2.16 ghz 2 gb 16 gb ssd textured granite nx.g15aa.001 os,w206,nx.gtqaa.001,acer spin sp515 51gn sp515 51gn 807g 15.6 intel core i7 i7 8550u 8gb ddr4 1tb hdd windows 10 1920 x 1080 ips convertible 2 1 nx.gtqaa.001
262,4093,1,a2252,p650hp6 g,prostar clevo p650hp6 g vr ready 15.6 fhd 120hz 5ms g sync intel core i7 7700hq 16gb ddr4 gtx 1060 256gb nvme ssd 1tb hdd windows 10 wi fi 1 prostar,w1549,n855hj,prostar clevo n855hj 15.6” full hd 1920x1080 intel core i7 7700hq 32gb ddr4 gtx 1050 256gb ssd 1tb hdd windows 10 wi fi 1 n855hj microsoft 
324,4943,1,a2519,a517 51g 54gk,acer intel core i5 2.50 ghz 8 gb 256 gb ssd windows 10 a517 51g 54gk,w2675,nx.gk9aa.013,refurbished acer 15.6 intel core i5 2.5ghz 8gb 256 gb ssd windows 10 nx.gk9aa.013
203,3024,1,a1919,,lenovo thinkpad t470s windows 10 intel core i7 7500u 16gb 512gb ssd 14 ips fhd 1920x1080 ,w3479,,pcie lenovo thinkpad t460s windows 7 intel core i7 6600u 20gb 2tb nvme ssd 14 ips fhd 1920x1080 
84,1119,1,a1347,,lenovo thinkpad t470s windows 10 intel core i7 7600u 20gb 512gb ssd 14 ips fhd 1920x1080 ,w3060,,lenovo thinkpad t460s windows 8.1 intel core i7 6600u 8gb 128gb ssd 14 ips fhd 1920x1080 
121,1696,1,a151,14 ak040nr,hp chromebook intel celeron n2840 4gb 16gb emmc chrome 14 ak040nr ,w1718,14 ak040nr rf,manufacturer hp 14 ak040nr 14 chromebook intel celeron n2840 2.16ghz 4gb 16gb chrome 14 ak040nr rf
391,6114,1,a507,80vr0078us,lenovo legion y720 15.6 full hd intel core i7 7700hq 16gb ddr4 512gb ssd geforce gtx 1060 6gb windows 10 80vr0078us ,w2301,80vr001bus,lenovo legion y720 15ikb 15.6 intel core i7 7700hq 16gb ddr4 1tb hdd 128gb ssd windows 10 1920 x 1080 ips 80vr001bus
414,6343,1,a677,r541na rb21t rd,asus r541na rb21t rd vivo book touch hd intel pentium n4200 quad core 4gb ddr3 500gb hdd windows 10 15.6 asus,w584,r541na rb21t rd,asus vivobook 15 intel quad core pentium n4200 touchscreen 4gb 500gb windows 10 r541na rb21t rd
91,1247,1,a1347,,lenovo thinkpad t470s windows 10 intel core i7 7600u 20gb 512gb ssd 14 ips fhd 1920x1080 ,w3275,,lenovo thinkpad t460s windows 7 intel core i7 6600u 20gb 512gb ssd 14 ips fhd 1920x1080 
82,1078,1,a1336,p950hr,prostar clevo p950hr 15.6 full hd ips intel core i7 7700hq 32gb ddr4 gtx 1070 max q 512gb nvme ssd 1tb hdd windows 10 wi fi 1 prostar,w1570,n855hj,prostar clevo n855hj 15.6” full hd 1920x1080 intel core i7 7700hq 32gb ddr4 gtx 1050 512gb nvme ssd 1tb hdd windows 10 wi fi 1 n855hj microsoft 
267,4194,1,a2294,n850hk1,prostar clevo n850hk1 15.6” full hd ips 1920x1080 intel core i7 7700hq 16gb ddr4 gtx 1050ti 120gb ssd 1tb hdd windows 10 wi fi 1 prostar,w1519,n855hj,prostar clevo n855hj 15.6” full hd ips 1920x1080 intel core i7 7700hq 16gb ddr4 gtx 1050 250gb ssd windows 10 wi fi 1 n855hj microsoft
119,1637,1,a1455,1ku85ua#aba,hp 14 bw065nr 14 amd dual core e2 9000e 4gb ddr4 32gb emmc 1ku85ua#aba unknown,w2005,1ku84ua#aba,hp 14 bw010nr 14 windows 10 amd e2 9000e dual core 4gb 500gb 1ku84ua#aba
358,5502,1,a2794,,lenovo thinkpad t470s windows 10 intel core i7 7500u 16gb 516gb nvme ssd 14 ips wqhd 2560x1440 ,w3400,,pcie lenovo thinkpad t460s windows 7 intel core i7 6600u 12gb 1tb nvme ssd 14 ips wqhd 2560x1440 
291,4599,1,a2439,,lenovo thinkpad t470s windows 10 intel core i7 7600u 12gb 512gb ssd 14 ips fhd 1920x1080 ,w3161,,pcie lenovo thinkpad t460s windows 10 intel core i7 6600u 12gb 256gb nvme ssd 14 ips fhd 1920x1080 
57,716,1,a1269,,lenovo thinkpad t470s windows 10 intel core i7 7600u 16gb 512gb ssd 14 ips wqhd 2560x1440 ,w3137,,lenovo thinkpad t460s windows 10 intel core i7 6600u 8gb 512gb ssd 14 ips fhd 1920x1080 
321,4896,0,a2500,nx.gqlaa.001,sf314 52 52sy i5 8250u 1.6g 8gb acer nx.gqlaa.001 unknown,w1696,nx.g85aa.001,acer denim 11.6 cb3 131 c3sz chromebook 11 pc intel celeron n2840 dual core 2gb 16gb google chrome nx.g85aa.001
257,3976,1,a22,i7577 5241blk pus,dell i7577 5241blk pus inspiron 7th gen intel core i5 gtx 1060 6gb 8gb 128gb ssd 1tb hdd 15.6 windows home,w1366,i7567 5000blk pus,dell inspiron 15.6 intel core i5 8gb nvidia geforce gtx 1050 1tb 8gb hybrid i7567 5000blk pus pc i7567 5000blk pus microsoft windows
376,5879,0,a389,,lenovo thinkpad x1 carbon 4 windows 10 intel core i7 6600u 512gb ssd 16gb 14 wqhd ips 2560x1440 intel hd 520 ,w3233,,lenovo thinkpad t460s windows 8.1 intel core i7 6600u 12gb 128gb ssd 14 ips wqhd 2560x1440 
402,6216,1,a586,kwg13,dell kwg13 latitude 3480 14 hd intel core i5 7200u 4gb ddr4 500gb windows 10 ,w2265,lati35802t78m,dell latitude 3580 15.6 hd intel core i5 7200u 8gb ddr4 128gb solid state windows 10 lati35802t78m
42,520,1,a1166,nx.gr7aa.007,acer intel core i5 1.60 ghz 8 gb 256 gb ssd windows 10 nx.gr7aa.007,w4551,nx.gstaa.001,refurbished acer intel core i5 2.50 ghz 8 gb 256 gb ssd windows 10 nx.gstaa.001
105,1492,0,a1366,dell,2018 dell inspiron 15 7577 15.6 uhd 3840x2160 intel quad core i7 7700hq 2.8ghz 16gb 128gb ssd 1tb hdd nvidia gtx 1060 6gb max q windows 10 dell,w4377,dell,refurbished dell latitude e6410 w7 14.1 intel i5 520m dual core 2.4ghz 4gb 160gb dvdâ±rw intel microsoft windows
416,6362,1,a695,l200ha edu3,asus l l200ha edu3 11.6 windows 10,w898,l200ha edu3,l200ha edu3 x5 z8350 1.44g 4gb 64gb 11.6in w10 asus windows
273,4298,1,a2361,p950hp6,prostar clevo p950hp6 15.6 full hd ips intel core i7 7700hq 32gb ddr4 gtx 1060 500gb ssd 1tb hdd windows 10 wi fi 1 prostar,w1544,n850hk1,prostar clevo n850hk1 15.6” fhd ips 1920x1080 intel core i7 7700hq 16gb ddr4 gtx 1050ti 120gb ssd 1tb hdd windows 10 wi fi 1 n850hk1 microsoft
400,6205,1,a572,20fd002hus,lenovo yoga 260 convertible 20fd002hus 12.5” fhd intel core i5 6300u 2.4ghz 8gb ddr4 256gb ssd windows 10 64 ,w356,20fd0001us,lenovo thinkpad yoga 260 12.5 convertible w intel i3 & 128gb ssd 20fd0001us windows 10
38,460,1,a1138,,lenovo thinkpad t470s windows 10 intel core i7 7600u 20gb 256gb nvme ssd 14 ips wqhd 2560x1440 ,w3464,,pcie lenovo thinkpad t460s windows 7 intel core i7 6600u 12gb 2tb nvme ssd 14 ips fhd 1920x1080 
389,6108,1,a503,gl553vd ds71,asus rog strix gl553vd 15.6 gtx 1050 4gb intel core i7 7700hq 16gb ddr4 1tb 7200rpm hdd rgb asus gl553vd ds71 windows,w1357,gl553ve ds74,asus rog strix gl553ve 15.6 gtx 1050ti 4gb intel core i7 7700hq 16gb ddr4 256gb ssd 1tb 7200rpm hdd rgb gl553ve ds74 windows 64bit 
53,704,1,a1269,,lenovo thinkpad t470s windows 10 intel core i7 7600u 16gb 512gb ssd 14 ips wqhd 2560x1440 ,w3091,,lenovo thinkpad t460s touch windows 7 intel core i7 6600u 12gb 128gb ssd 14 ips fhd 1920x1080 touchscreen 
393,6150,1,a534,i5567 3655gry,dell inspiron i5567 3655gry 15.6 fhd 7th intel core i5 8gb 1 tb hdd windows 10,w2315,i5567 7526gry,dell i5567 7526gry 15.6 intel i7 256gb ssd 8gb ddr4 win 10 intel hd 620 i5567 7526gry
128,1823,1,a1594,hp envy x360 15t ash silver,hp envy x360 15t 2 1 convertible pc amd 7th gen quad core fx 9800p apu amd radeon r7 32gb 1tb hdd 512gb ssd 15.6 fhd 1920 x 1080 touchscreen win10 ash hp x360 15t,w441,hp envy x360 15t fhd touch laptop,hp envy x360 convertible 15t fhd touch 2 1 tablet intel i7 32gb 1tb hdd 512gb ssd 15.6 fhd 1920 x 1080 touchscreen win 10 envy 15t microsoft windows
290,4519,1,a243,i5379 5893gry pus,dell i5379 5893gry pus inspiron 2 1 8th gen intel core i5 8gb 256gb ssd intel uhd 620 13.3 touch windows 10,w224,i5578 3052gry pus,dell inspiron 15 i5578 3052gry pus 15.6 full hd 2 1 convertible touchscreen intel i3 7100u 8gb 1tb hdd windows
28,376,1,a1138,,lenovo thinkpad t470s windows 10 intel core i7 7600u 20gb 256gb nvme ssd 14 ips wqhd 2560x1440 ,w3326,,lenovo thinkpad t460s windows 8.1 intel core i7 6600u 20gb 512gb ssd 14 ips wqhd 2560x1440 
183,2720,1,a1887,hp pavilion 15t power acid green nb,hp pavilion 15t power intel i7 quad core 32gb nvidia geforce 1050 2tb hdd 512gb ssd 15.6 full hd 1920 x 1080 touch win 10 acid green hp acid nb windows,w1610,hp pavilion 15t t9y85av,hp pavilion 15t full hd touchscreen intel i7 quad core 16gb nvidia geforce 960m 2tb hdd 1tb ssd 15.6 fhd 1920 x 1080 touchscreen windows 10 t9y85av 
370,5760,0,a320,dell xps 13 9360 touch laptop,dell xps 13 9360 13.3 infinityedge touchscreen fhd 1920x1080 intel core i5 7200u 256gb nvme m.2 ssd 8gb windows 10 ,w395,hp envy x360 15t fhd touch laptop,hp envy x360 convertible 15t fhd touch 2 1 tablet intel i7 16gb 1tb hdd 512gb ssd 15.6 fhd 1920 x 1080 touchscreen win 10 envy 15t microsoft windows
163,2490,1,a1780,hp envy 15,hp envy 15t 15.6 touch hd intel core i5 5200u 2.2ghz 6gb 1tb hdmi usb 3.0 ac windows 10 other,w760,hp envy 15t fhd touch,newest hp envy 15t pc full hd touchscreen intel i7 8 gb 1tb hdd 128 gb ssd 15.6 fhd 1920 x 1080 touchscreen windows 10 
151,2175,1,a1728,,lenovo thinkpad t470s windows 10 intel core i7 6600u 8gb 256gb ssd 14 ips fhd 1920x1080 ,w3235,,lenovo thinkpad t460s windows 7 intel core i7 6600u 12gb 256gb ssd 14 ips wqhd 2560x1440 
244,3705,1,a2051,gl62mx1096,msi gl62m 7rdx 1096 15.6 full hd i7 7700hq geforce gtx 1050 2g 16gb dram 1tb win10 steelseries gl62mx1096 windows home,w2037,gl62mx1044,msi 15.6 fhd intel core i7 7700hq 2.8 3.8 ghz nvidia geforce gtx1060 graphic 16g ddr5 128gb ssd 1 tb hdd gl62mx1044 windows
202,3009,1,a1919,,lenovo thinkpad t470s windows 10 intel core i7 7500u 16gb 512gb ssd 14 ips fhd 1920x1080 ,w3462,,pcie touch lenovo thinkpad t460s windows 7 intel core i7 6600u 12gb 2tb nvme ssd 14 ips fhd 1920x1080 touchscreen 
31,390,1,a1138,,lenovo thinkpad t470s windows 10 intel core i7 7600u 20gb 256gb nvme ssd 14 ips wqhd 2560x1440 ,w3349,,pcie lenovo thinkpad t460s windows 7 intel core i7 6600u 8gb 1tb nvme ssd 14 ips fhd 1920x1080 
32,400,1,a1138,,lenovo thinkpad t470s windows 10 intel core i7 7600u 20gb 256gb nvme ssd 14 ips wqhd 2560x1440 ,w3370,,lenovo thinkpad t460s windows 10 intel core i7 6600u 12gb 1tb ssd 14 ips wqhd 2560x1440 
127,1821,1,a1594,hp envy x360 15t ash silver,hp envy x360 15t 2 1 convertible pc amd 7th gen quad core fx 9800p apu amd radeon r7 32gb 1tb hdd 512gb ssd 15.6 fhd 1920 x 1080 touchscreen win10 ash hp x360 15t,w422,hp envy x360 15t fhd touch laptop,hp envy x360 convertible 15t fhd touch 2 1 tablet intel i7 32gb 1tb hdd 512gb ssd 15.6 fhd 1920 x 1080 touchscreen win 10 envy 15t microsoft windows
185,2744,0,a1895,t6f45ut#aba,hp t6f45ut#aba 840 i5 6200u 14.0 8gb 128 7 10 windows professional,w3111,t6e85ut#aba,hp zbook studio g3 15.6 xeon e3 1505mv5 16 gb 512 gb ssd t6e85ut#aba windows 7
421,6446,1,a742,nh1dy,dell nh1dy latitude 3580 15.6 hd intel core i5 7200u 4gb ddr4 500gb windows 10 ,w2252,lati35806fc0d,dell latitude 3580 15.6 hd intel core i3 6006u 4gb ddr4 500gb windows 10 lati35806fc0d
288,4507,1,a2426,20fcs5f100,lenovo thinkpad x1 carbon 4 20fc intel core i5 6300u 256gb ssd 8gb 14 fhd ips 1920x1080 ac wifiwindows 7 win 10 20fcs5f100,w3223,,lenovo thinkpad x1 carbon 4 windows 8.1 intel core i7 6600u 512gb ssd 16gb 14 wqhd ips 2560x1440 intel hd 520 
398,6179,1,a563,20fq0060us,lenovo thinkpad x1 yoga 20fq0060us 14 wqhd 2560 x 1440 oled touchscreen 2 1 intel core i7 6600u 16gb 512gb ssd windows 10 group limited 64 bit,w3104,20fq0055us,lenovo thinkpad x1 yoga 14 core i5 6300u 8 gb 256 gb ssd 20fq0055us windows 10 
410,6278,0,a650,hp pavilion 17.3 nontouch i7,2018 hp 17.3 hd 1600x900 pc 7th gen intel core i7 7500u 3.5ghz 8gb ddr4 sdram 2tb hdd rw hdmi windows 10 pavilion nontouch,w1559,hp pavilion 15t t9y85av,hp pavilion 15t full hd touchscreen intel i7 quad core 16gb nvidia geforce 960m 2tb hdd 128gb ssd 15.6 fhd 1920 x 1080 touchscreen windows 10 t9y85av 
147,2108,1,a1728,,lenovo thinkpad t470s windows 10 intel core i7 6600u 8gb 256gb ssd 14 ips fhd 1920x1080 ,w3128,,pcie lenovo thinkpad t460s windows 8.1 intel core i7 6600u 8gb 256gb nvme ssd 14 ips fhd 1920x1080 
285,4464,1,a2412,i5368 1214gry,dell inspiron i5368 1214gry 13.3 fhd 6th intel core i34gm 500 gb hdd microsoft windows 10,w1304,i5378 4314gry,dell inspiron i53784314gry 13.3 touchscreen windows 10 intel core i5 7200u 8gb 256gb solid state i5378 4314gry
418,6372,0,a703,1bs53ut#aba,hp elitebook 850 g4 15.6 windows intel core i7 2.7 ghz 16 gb 512 gb ssd 1bs53ut#aba 10 edition,w644,1bs35ut#aba,hp zbook 15u g4 15.6 core i7 7500u 16 gb 512 gb ssd 1bs35ut#aba windows 10
177,2619,1,a1838,,lenovo thinkpad x1 carbon 4 windows 10 intel core i7 6600u 1tb ssd 16gb 14 fhd ips 1920x1080 intel hd 520 ,w3105,,lenovo thinkpad x1 carbon 4 windows 7 intel core i7 6600u 512gb ssd 16gb 14 fhd ips 1920x1080 intel hd 520 
99,1402,1,a1356,,lenovo thinkpad x1 carbon 4 windows 10 intel core i7 6600u 1tb nvme ssd 16gb 14 wqhd ips 2560x1440 intel hd 520 ,w3045,,lenovo thinkpad x1 carbon 4 windows 10 intel core i7 6600u 180gb ssd 16gb 14 fhd ips 1920x1080 intel hd 520 
338,5225,1,a268,xe500c13 k03us,samsung chromebook 3 xe500c13 k03us 11.6 hd celeron n3060 4gb 32gb ssd os,w1694,xe500c13 k04us,samsung 11.6 chromebook 3 4gb 16gb ssd xe500c13 k04us os
335,5155,1,a2636,hp envy 15t fhd touch,hp envy 15t pc full hd touchscreen intel i7 16gb 1tb hdd 1tb ssd 15.6 fhd 1920 x 1080 touchscreen windows 10 hp,w1319,hp 15 02240 fhd me1,hp pavilion 15t pc intel 7th gen i5 kaby lake 16gb 240gb ssd 15.6 fhd 1920 x 1080 touchscreen windows 10 hp 15 02240 fhd me1 microsoft
197,2927,1,a1919,,lenovo thinkpad t470s windows 10 intel core i7 7500u 16gb 512gb ssd 14 ips fhd 1920x1080 ,w3331,,lenovo thinkpad t460s windows 7 intel core i7 6600u 20gb 512gb ssd 14 ips wqhd 2560x1440 
243,3688,1,a2046,1kv05ua#aba,hp 15bs078nr 1kv05ua#aba 15bs078nr 15.6 intel core i7 8gb 1tb windows 10 ,w2034,1kv26ua#aba,hp 15 bw071nr 15.6 windows 10 amd a9 9420 dual core 4gb 1tb 1kv26ua#aba
115,1565,0,a1416,20jm000bus,lenovo thinkpad t470 20jm000bus 14” fhd ips intel core i7 6500u 2.50ghz 8gb ddr4 windows 7 10 64 professional,w69,20gq000bus,lenovo thinkpad p40 yoga 14 core i7 6500u 8 gb 256 gb ssd 20gq000bus windows 10
404,6233,1,a602,15 aq210nr,hp envy x360 15 convertible intel core i7 8550u 8gb 256gb solid state windows 10 15 aq210nr ,w713,e1hp15aq210nr,hp 15 aq210nr envy 15 intel i7 8550u 8gb touch x7u52ua#aba elite suite 17 standard software bundle corel wordperfect pc moverpdf fusionx9 1 extended e1hp15aq210nr microsoft windows
265,4114,1,a2252,p650hp6 g,prostar clevo p650hp6 g vr ready 15.6 fhd 120hz 5ms g sync intel core i7 7700hq 16gb ddr4 gtx 1060 256gb nvme ssd 1tb hdd windows 10 wi fi 1 prostar,w1583,n850hp6,prostar clevo n850hp6 15.6” fhd ips 1920x1080 intel core i7 7700hq 16gb ddr4 gtx 1060 512gb nvme ssd 1tb hdd windows 10 wi fi 1 n850hp6 microsoft
72,939,1,a1312,lenovo thinkpad p51 workstation,lenovo thinkpad p51 15.6 intel i7 quad core 64gb 1tb ssd 15.6 fhd 1920x1080 ips nvidia quadro m1200m win 10 ,w2990,len 15 01217 p71me7,lenovo thinkpad p51s 15.6 intel i7 16gb 512gb ssd 15.6 fhd 1920x1080 ips nvidia quadro m520m win 10 len 15 01217 p71me7 microsoft windows
333,5131,0,a2616,pa71hs g,prostar clevo pa71hs g 17.3” full hd ips g sync intel core i7 7700hq 16gb ddr4 gtx 1070 256gb nvme ssd 1tb hdd windows 10 wi fi 1 prostar,w1608,p650hp6 g,prostar clevo p650hp6 g vr ready 15.6 fhd ips g sync intel core i7 7700hq 16gb ddr4 gtx 1060 512gb nvme ssd 1tb hdd windows 10 wi fi 1 p650hp6 g microsoft 
25,307,1,a1138,,lenovo thinkpad t470s windows 10 intel core i7 7600u 20gb 256gb nvme ssd 14 ips wqhd 2560x1440 ,w3183,,lenovo thinkpad t460s windows 8.1 intel core i7 6600u 12gb 512gb ssd 14 ips fhd 1920x1080 
165,2521,1,a1791,,hp envy x360 15z yoga 2 1 convertible amd ryzen 5 quad core apu radeon vega 8 16gb 512gb ssd 15.6 fhd 1920x1080 touchscreen win 10 windows,w401,hp 15 02395 fhd me26,hp envy x360 15z yoga 2 1 convertible amd ryzen 5 quad core apu radeon vega 8 32gb 1tb hdd 512gb ssd 15.6 fhd 1920x1080 touchscreen win 10 hp 15 02395 fhd me26 microsoft windows
337,5173,0,a2638,1bt00ut#aba,hp elitebook x360 1bt00ut#aba 13.3 2 1 windows 10 pro,w1961,w0t00ut#aba,hp chromebook 13 g1 13.3 [brightview plane switching [ips] technology] chromebook intel core m [6th gen] m3 6y30 dual core [2 core] 900 mhz 4 gb lpddr3 32 gb w0t00ut aba hp w0t00ut#aba os
434,6690,1,a888,,lenovo thinkpad x1 carbon 4 windows 10 intel core i7 6600u 1tb ssd 16gb 14 wqhd ips 2560x1440 intel hd 520 ,w3055,,lenovo thinkpad x1 carbon 4 windows 7 intel core i5 6200u 1tb ssd 8gb 14 fhd ips 1920x1080 intel hd 520 
174,2591,1,a1838,,lenovo thinkpad x1 carbon 4 windows 10 intel core i7 6600u 1tb ssd 16gb 14 fhd ips 1920x1080 intel hd 520 ,w2986,,lenovo thinkpad x1 carbon 4 windows 8.1 intel core i7 6500u 256gb nvme ssd 8gb 14 fhd ips 1920x1080 intel hd 520 
436,6703,1,a888,,lenovo thinkpad x1 carbon 4 windows 10 intel core i7 6600u 1tb ssd 16gb 14 wqhd ips 2560x1440 intel hd 520 ,w3117,,lenovo thinkpad x1 carbon 4 windows 7 intel core i7 6600u 128gb ssd 16gb 14 wqhd ips 2560x1440 intel hd 520 
39,462,1,a1138,,lenovo thinkpad t470s windows 10 intel core i7 7600u 20gb 256gb nvme ssd 14 ips wqhd 2560x1440 ,w3466,,pcie lenovo thinkpad t460s windows 10 intel core i7 6600u 12gb 2tb nvme ssd 14 ips fhd 1920x1080 
193,2895,1,a1919,,lenovo thinkpad t470s windows 10 intel core i7 7500u 16gb 512gb ssd 14 ips fhd 1920x1080 ,w3275,,lenovo thinkpad t460s windows 7 intel core i7 6600u 20gb 512gb ssd 14 ips fhd 1920x1080 
314,4822,1,a2450,20fq0036us,lenovo 20fq0036us ts x1 i7 8gb 256gb fd only windows 10,w3425,20fq002yus,lenovo 20fq002yus thinkpad 14 wqhd multitouch intel core i7 6600u 20fq002yus microsoft windows
396,6170,1,a560,lenovo thinkpad p51s workstation,lenovo thinkpad p51s 15.6 intel i7 16gb 512gb ssd 15.6 fhd 1920x1080 ips nvidia quadro m520m win 10 ,w2978,len 15 01217 p71me3,lenovo thinkpad p51s 15.6 intel i7 32gb 500gb hdd 15.6 fhd 1920x1080 ips nvidia quadro m520m win 10 len 15 01217 p71me3 microsoft windows
88,1209,1,a1347,,lenovo thinkpad t470s windows 10 intel core i7 7600u 20gb 512gb ssd 14 ips fhd 1920x1080 ,w3215,,lenovo thinkpad t460s windows 7 intel core i7 6600u 20gb 256gb ssd 14 ips fhd 1920x1080 
70,906,1,a1294,80vh0001us,lenovo chromebook n22 11.6 ips touchscreen intel n3060 dual core 16gb emmc ssd 4gb ddr3 802.11ac chromeos 80vh0001us,w4574,80s60001us,refurbished rectified lenovo n22 80s60001us 11.6 hd 4gb 32gb hdd 80s60001us
87,1142,1,a1347,,lenovo thinkpad t470s windows 10 intel core i7 7600u 20gb 512gb ssd 14 ips fhd 1920x1080 ,w3097,,lenovo thinkpad t460s windows 8.1 intel core i7 6600u 12gb 128gb ssd 14 ips fhd 1920x1080 
292,4612,1,a2439,,lenovo thinkpad t470s windows 10 intel core i7 7600u 12gb 512gb ssd 14 ips fhd 1920x1080 ,w3186,,lenovo thinkpad t460s windows 7 intel core i7 6600u 20gb 256gb ssd 14 ips fhd 1920x1080 
242,3667,0,a2014,80ys0000us,lenovo 80ys0000us ideapad n23 11.6 n3060 2gb 16gb chrome chrome op lenovo unknown,w2346,80xm0000us,lenovo 320 17ikb 17.3 core i5 7200u 8 gb 1 tb hdd 80xm0000us windows 10
277,4346,1,a2369,n850hk1,prostar clevo n850hk1 15.6” full hd ips 1920x1080 intel core i7 7700hq 8gb ddr4 gtx 1050ti 120gb ssd windows 10 wi fi 1 prostar,w1412,n850hk1,prostar clevo n850hk1 15.6” full hd ips 1920x1080 intel core i7 7700hq 16gb ddr4 gtx 1050ti 1tb hdd windows 10 wi fi 1 n850hk1 microsoft 
211,3173,1,a1995,,lenovo thinkpad t470s windows 7 intel core i5 6300u 20gb 512gb ssd 14 ips fhd 1920x1080 professional,w3087,,lenovo thinkpad t460s windows 7 intel core i7 6600u 12gb 256gb ssd 14 ips fhd 1920x1080 
9,112,1,a1047,n850hp6,prostar clevo n850hp6 15.6” fhd ips 1920x1080 intel core i7 7700hq 16gb ddr4 gtx 1060 120gb ssd 1tb hdd windows 10 wi fi 1 prostar,w1573,n850hp6,prostar clevo n850hp6 15.6” fhd ips 1920x1080 intel core i7 7700hq 16gb ddr4 gtx 1060 500gb ssd 1tb hdd windows 10 wi fi 1 n850hp6 microsoft
359,5540,1,a2794,,lenovo thinkpad t470s windows 10 intel core i7 7500u 16gb 516gb nvme ssd 14 ips wqhd 2560x1440 ,w3464,,pcie lenovo thinkpad t460s windows 7 intel core i7 6600u 12gb 2tb nvme ssd 14 ips fhd 1920x1080 
195,2911,1,a1919,,lenovo thinkpad t470s windows 10 intel core i7 7500u 16gb 512gb ssd 14 ips fhd 1920x1080 ,w3304,,lenovo thinkpad t460s windows 7 intel core i7 6600u 12gb 1tb ssd 14 ips fhd 1920x1080 
251,3877,1,a2117,hp pavilion,2018 hp pavilion 15.6 fhd ips intel quad core i7 8550u 32gb ddr4 256gb ssd 1tb hdd 4gb nvidia geforce 940mx b&o usb c win 10 windows 64 bit,w1614,hp pavilion 15t t9y85av,hp pavilion 15t full hd touchscreen intel i7 quad core 32gb nvidia geforce 960m 2tb hdd 512gb ssd 15.6 fhd 1920 x 1080 touchscreen windows 10 t9y85av 
323,4928,0,a2500,nx.gqlaa.001,sf314 52 52sy i5 8250u 1.6g 8gb acer nx.gqlaa.001 unknown,w895,nx.gkhaa.001,refurbished acer 15.6 intel core i7 2.7 ghz 12 gb 1tb hdd windows 10 r5 571tg 78g8 nx.gkhaa.001
192,2892,1,a1919,,lenovo thinkpad t470s windows 10 intel core i7 7500u 16gb 512gb ssd 14 ips fhd 1920x1080 ,w3267,,pcie touch lenovo thinkpad t460s windows 10 intel core i7 6600u 20gb 256gb nvme ssd 14 ips fhd 1920x1080 touchscreen 
117,1597,0,a1439,nx.gnjaa.002,r751tn c5p3 n3350 1.1g 4gb 32gb acer nx.gnjaa.002 unknown,w1712,nx.gjeaa.002,acer chromebook 14 cb3 431 c6zb 14 celeron n3160 4 gb 32 gb ssd us nx.gjeaa.002
47,593,1,a121,hp envy x360 15.6,2018 hp envy x360 2 1 15.6 fhd 1080p ips touchscreen quad core amd fx 9800p 3.6 ghz 8gb ddr4 1tb 7200rpm hdd hdmi b&o windows ink win10 ,w1030,hp envy 15t fhd touch,newest hp envy 15t pc full hd touchscreen intel i7 16gb 1tb hdd 128 gb ssd 15.6 fhd 1920 x 1080 touchscreen windows 10 
172,2568,1,a183,md101ll a,apple macbook 13 mid 2012 core i5 2.5ghz 4gb 500gb hdd md101ll a x el capitan,w3820,md101ll a,certified apple macbook 13 2.5ghz core i5 4gb 500gb md101ll a grade b x
